noise_condition,n_qubits,setting,theta,shots,seed_simulator,transpiled_depth,operations_json,counts_json
ideal,3,population,,512,90042,6,"{""measure"": 3, ""rz"": 2, ""cx"": 2, ""sx"": 1, ""barrier"": 1}","{""000"": 252, ""111"": 260}"
ideal,3,parity_0,0.0,512,90043,10,"{""rz"": 11, ""sx"": 4, ""measure"": 3, ""cx"": 2, ""barrier"": 1}","{""000"": 113, ""011"": 118, ""101"": 126, ""110"": 155}"
ideal,3,parity_1,1.0471975511965976,512,90044,10,"{""rz"": 11, ""sx"": 4, ""measure"": 3, ""cx"": 2, ""barrier"": 1}","{""001"": 152, ""010"": 152, ""100"": 105, ""111"": 103}"
ideal,3,parity_2,2.0943951023931953,512,90045,10,"{""rz"": 11, ""sx"": 4, ""measure"": 3, ""cx"": 2, ""barrier"": 1}","{""000"": 119, ""011"": 124, ""101"": 125, ""110"": 144}"
readout_only,3,population,,512,91142,6,"{""measure"": 3, ""rz"": 2, ""cx"": 2, ""sx"": 1, ""barrier"": 1}","{""000"": 232, ""001"": 8, ""010"": 7, ""011"": 13, ""100"": 8, ""101"": 12, ""110"": 9, ""111"": 223}"
readout_only,3,parity_0,0.0,512,91143,10,"{""rz"": 11, ""sx"": 4, ""measure"": 3, ""cx"": 2, ""barrier"": 1}","{""000"": 113, ""001"": 9, ""010"": 17, ""011"": 115, ""100"": 12, ""101"": 116, ""110"": 114, ""111"": 16}"
readout_only,3,parity_1,1.0471975511965976,512,91144,10,"{""rz"": 11, ""sx"": 4, ""measure"": 3, ""cx"": 2, ""barrier"": 1}","{""000"": 18, ""001"": 128, ""010"": 104, ""011"": 15, ""100"": 119, ""101"": 12, ""110"": 20, ""111"": 96}"
readout_only,3,parity_2,2.0943951023931953,512,91145,10,"{""rz"": 11, ""sx"": 4, ""measure"": 3, ""cx"": 2, ""barrier"": 1}","{""000"": 135, ""001"": 22, ""010"": 22, ""011"": 113, ""100"": 19, ""101"": 98, ""110"": 94, ""111"": 9}"
depolarizing_only,3,population,,512,91242,6,"{""measure"": 3, ""rz"": 2, ""cx"": 2, ""sx"": 1, ""barrier"": 1}","{""000"": 242, ""001"": 2, ""011"": 1, ""101"": 4, ""110"": 4, ""111"": 259}"
depolarizing_only,3,parity_0,0.0,512,91243,10,"{""rz"": 11, ""sx"": 4, ""measure"": 3, ""cx"": 2, ""barrier"": 1}","{""000"": 122, ""001"": 5, ""010"": 1, ""011"": 108, ""100"": 1, ""101"": 131, ""110"": 143, ""111"": 1}"
depolarizing_only,3,parity_1,1.0471975511965976,512,91244,10,"{""rz"": 11, ""sx"": 4, ""measure"": 3, ""cx"": 2, ""barrier"": 1}","{""000"": 3, ""001"": 130, ""010"": 127, ""011"": 2, ""100"": 114, ""101"": 5, ""110"": 2, ""111"": 129}"
depolarizing_only,3,parity_2,2.0943951023931953,512,91245,10,"{""rz"": 11, ""sx"": 4, ""measure"": 3, ""cx"": 2, ""barrier"": 1}","{""000"": 127, ""001"": 1, ""010"": 4, ""011"": 131, ""100"": 2, ""101"": 134, ""110"": 110, ""111"": 3}"
combined,3,population,,512,91342,6,"{""measure"": 3, ""rz"": 2, ""cx"": 2, ""sx"": 1, ""barrier"": 1}","{""000"": 244, ""001"": 5, ""010"": 9, ""011"": 12, ""100"": 8, ""101"": 13, ""110"": 16, ""111"": 205}"
combined,3,parity_0,0.0,512,91343,10,"{""rz"": 11, ""sx"": 4, ""measure"": 3, ""cx"": 2, ""barrier"": 1}","{""000"": 111, ""001"": 19, ""010"": 12, ""011"": 129, ""100"": 22, ""101"": 101, ""110"": 102, ""111"": 16}"
combined,3,parity_1,1.0471975511965976,512,91344,10,"{""rz"": 11, ""sx"": 4, ""measure"": 3, ""cx"": 2, ""barrier"": 1}","{""000"": 25, ""001"": 111, ""010"": 114, ""011"": 16, ""100"": 114, ""101"": 13, ""110"": 20, ""111"": 99}"
combined,3,parity_2,2.0943951023931953,512,91345,10,"{""rz"": 11, ""sx"": 4, ""measure"": 3, ""cx"": 2, ""barrier"": 1}","{""000"": 117, ""001"": 18, ""010"": 14, ""011"": 106, ""100"": 13, ""101"": 111, ""110"": 116, ""111"": 17}"
