noise_scale,setting,theta,shots,seed_simulator,transpiled_depth,sx_gate_count,cx_gate_count,counts_json
1,population,,512,93142,6,1,2,"{""000"": 241, ""001"": 10, ""010"": 16, ""011"": 11, ""100"": 12, ""101"": 8, ""110"": 12, ""111"": 202}"
1,parity_0,0.0,512,93143,10,4,2,"{""000"": 136, ""001"": 21, ""010"": 18, ""011"": 114, ""100"": 21, ""101"": 91, ""110"": 96, ""111"": 15}"
1,parity_1,1.0471975511965976,512,93144,10,4,2,"{""000"": 25, ""001"": 102, ""010"": 107, ""011"": 11, ""100"": 127, ""101"": 9, ""110"": 17, ""111"": 114}"
1,parity_2,2.0943951023931953,512,93145,10,4,2,"{""000"": 101, ""001"": 15, ""010"": 11, ""011"": 117, ""100"": 22, ""101"": 110, ""110"": 122, ""111"": 14}"
3,population,,512,93342,16,3,6,"{""000"": 205, ""001"": 16, ""010"": 12, ""011"": 14, ""100"": 11, ""101"": 13, ""110"": 18, ""111"": 223}"
3,parity_0,0.0,512,93343,20,6,6,"{""000"": 125, ""001"": 16, ""010"": 18, ""011"": 92, ""100"": 20, ""101"": 111, ""110"": 113, ""111"": 17}"
3,parity_1,1.0471975511965976,512,93344,20,6,6,"{""000"": 25, ""001"": 120, ""010"": 108, ""011"": 14, ""100"": 96, ""101"": 19, ""110"": 22, ""111"": 108}"
3,parity_2,2.0943951023931953,512,93345,20,6,6,"{""000"": 108, ""001"": 20, ""010"": 20, ""011"": 117, ""100"": 27, ""101"": 102, ""110"": 107, ""111"": 11}"
5,population,,512,93542,26,5,10,"{""000"": 203, ""001"": 12, ""010"": 11, ""011"": 18, ""100"": 16, ""101"": 24, ""110"": 27, ""111"": 201}"
5,parity_0,0.0,512,93543,30,8,10,"{""000"": 113, ""001"": 20, ""010"": 24, ""011"": 93, ""100"": 22, ""101"": 117, ""110"": 106, ""111"": 17}"
5,parity_1,1.0471975511965976,512,93544,30,8,10,"{""000"": 23, ""001"": 104, ""010"": 113, ""011"": 22, ""100"": 101, ""101"": 22, ""110"": 22, ""111"": 105}"
5,parity_2,2.0943951023931953,512,93545,30,8,10,"{""000"": 120, ""001"": 22, ""010"": 20, ""011"": 100, ""100"": 27, ""101"": 94, ""110"": 107, ""111"": 22}"
