width,repeat_id,seed,method,fidelity_estimate,prepared_state_reference,target_shots,calibration_shots,total_shots,minimum_quasi_probability,zne_slope,error_to_prepared_reference,absolute_error_to_prepared_reference,squared_error_to_prepared_reference,error_to_ideal_target,absolute_error_to_ideal_target
2,0,71000,unmitigated,0.89453125,0.987765,1536,0,1536,,,-0.09323375,0.09323375,0.0086925321390625,-0.10546875,0.10546875
2,0,71000,readout_mitigation,1.0133288043478261,0.987765,1536,1024,2560,-0.03652173913043479,,0.025563804347826125,0.025563804347826125,0.0006535080927339338,0.013328804347826129,0.013328804347826129
2,0,71000,zne_only,0.9047851562499996,0.987765,4608,0,4608,,-0.016113281250000038,-0.08297984375000045,0.08297984375000045,0.006885654468774489,-0.09521484375000044,0.09521484375000044
2,0,71000,readout_mitigation_plus_zne,1.025612167874396,0.987765,4608,1024,5632,-0.03652173913043479,-0.018811141304347846,0.037847167874395904,0.037847167874395904,0.0014324081161127054,0.025612167874395908,0.025612167874395908
2,1,71001,unmitigated,0.8779296875,0.987765,1536,0,1536,,,-0.1098353125,0.1098353125,0.012063795871972658,-0.1220703125,0.1220703125
2,1,71001,readout_mitigation,1.0059245580183007,0.987765,1536,1024,2560,-0.016380608527863612,,0.018159558018300714,0.018159558018300714,0.00032976954742002976,0.0059245580183007185,0.0059245580183007185
2,1,71001,zne_only,0.8879394531249996,0.987765,4608,0,4608,,-0.011474609374999958,-0.09982554687500045,0.09982554687500045,0.009965139808892912,-0.11206054687500044,0.11206054687500044
2,1,71001,readout_mitigation_plus_zne,1.017464551663158,0.987765,4608,1024,5632,-0.016380608527863612,-0.01349834443948098,0.029699551663157964,0.029699551663157964,0.000882063368992589,0.017464551663157968,0.017464551663157968
2,2,71002,unmitigated,0.8837890625,0.987765,1536,0,1536,,,-0.1039759375,0.1039759375,0.010810995579003908,-0.1162109375,0.1162109375
2,2,71002,readout_mitigation,0.9982524560077728,0.987765,1536,1024,2560,-0.011195976825362547,,0.010487456007772789,0.010487456007772789,0.00010998673351496955,-0.0017475439922272074,0.0017475439922272074
2,2,71002,zne_only,0.8941243489583331,0.987765,4608,0,4608,,-0.013427734375000009,-0.09364065104166686,0.09364065104166686,0.008768571527507225,-0.10587565104166685,0.10587565104166685
2,2,71002,readout_mitigation_plus_zne,1.0114073914138684,0.987765,4608,1024,5632,-0.011195976825362547,-0.01649708517758827,0.02364239141386837,0.02364239141386837,0.0005589626717665567,0.011407391413868373,0.011407391413868373
2,3,71003,unmitigated,0.8740234375,0.987765,1536,0,1536,,,-0.1137415625,0.1137415625,0.012937143039941408,-0.1259765625,0.1259765625
2,3,71003,readout_mitigation,0.9807618537847362,0.987765,1536,1024,2560,-0.008470493777599359,,-0.007003146215263767,0.007003146215263767,4.904405691236322e-05,-0.019238146215263763,0.019238146215263763
2,3,71003,zne_only,0.8736165364583327,0.987765,4608,0,4608,,-0.005615234374999974,-0.1141484635416673,0.1141484635416673,0.013029871728923349,-0.1263834635416673,0.1263834635416673
2,3,71003,readout_mitigation_plus_zne,0.9804975690262718,0.987765,4608,1024,5632,-0.008470493777599359,-0.006781078549444653,-0.007267430973728173,0.007267430973728173,5.2815552957903616e-05,-0.01950243097372817,0.01950243097372817
2,4,71004,unmitigated,0.865234375,0.987765,1536,0,1536,,,-0.122530625,0.122530625,0.015013754062890626,-0.134765625,0.134765625
2,4,71004,readout_mitigation,0.9719178879850934,0.987765,1536,1024,2560,-0.019202171498190423,,-0.015847112014906628,0.015847112014906628,0.000251130959212998,-0.028082112014906624,0.028082112014906624
2,4,71004,zne_only,0.8662923177083329,0.987765,4608,0,4608,,-0.004150390625000019,-0.12147268229166708,0.12147268229166708,0.014755612543132289,-0.13370768229166707,0.13370768229166707
2,4,71004,readout_mitigation_plus_zne,0.9727928178115403,0.987765,4608,1024,5632,-0.019202171498190423,-0.004846454294621407,-0.014972182188459748,0.014972182188459748,0.00022416623948443134,-0.027207182188459744,0.027207182188459744
2,5,71005,unmitigated,0.8798828125,0.987765,1536,0,1536,,,-0.1078821875,0.1078821875,0.011638566379785158,-0.1201171875,0.1201171875
2,5,71005,readout_mitigation,1.0127349433181934,0.987765,1536,1024,2560,-0.016722979210516596,,0.024969943318193355,0.024969943318193355,0.000623498069313789,0.012734943318193359,0.012734943318193359
2,5,71005,zne_only,0.9006347656249997,0.987765,4608,0,4608,,-0.01733398437500002,-0.08713023437500034,0.08713023437500034,0.00759167774224249,-0.09936523437500033,0.09936523437500033
2,5,71005,readout_mitigation_plus_zne,1.0373101374887674,0.987765,4608,1024,5632,-0.016722979210516596,-0.0209510357815442,0.04954513748876743,0.04954513748876743,0.002454720648780868,0.037310137488767436,0.037310137488767436
2,6,71006,unmitigated,0.8701171875,0.987765,1536,0,1536,,,-0.1176478125,0.1176478125,0.013841007786035158,-0.1298828125,0.1298828125
2,6,71006,readout_mitigation,0.9881185693287604,0.987765,1536,1024,2560,-0.019366868092982742,,0.0003535693287604058,0.0003535693287604058,1.2501127024008393e-07,-0.01188143067123959,0.01188143067123959
2,6,71006,zne_only,0.875813802083333,0.987765,4608,0,4608,,-0.006347656250000029,-0.11195119791666697,0.11195119791666697,0.012533070714976738,-0.12418619791666696,0.12418619791666696
2,6,71006,readout_mitigation_plus_zne,0.9952592229662288,0.987765,4608,1024,5632,-0.019366868092982742,-0.007907343894605082,0.007494222966228814,0.007494222966228814,5.61633778675514e-05,-0.004740777033771182,0.004740777033771182
2,7,71007,unmitigated,0.8720703125,0.987765,1536,0,1536,,,-0.1156946875,0.1156946875,0.013385260715722658,-0.1279296875,0.1279296875
2,7,71007,readout_mitigation,0.992323991797676,0.987765,1536,1024,2560,-0.013406242879927099,,0.0045589917976760486,0.0045589917976760486,2.0784406211277488e-05,-0.007676008202323947,0.007676008202323947
2,7,71007,zne_only,0.8768717447916662,0.987765,4608,0,4608,,-0.008544921875000024,-0.11089325520833382,0.11089325520833382,0.012297314050700656,-0.12312825520833381,0.12312825520833381
2,7,71007,readout_mitigation_plus_zne,0.9985824409508616,0.987765,4608,1024,5632,-0.013406242879927099,-0.010131009341535664,0.010817440950861568,0.010817440950861568,0.00011701702872537682,-0.0014175590491384282,0.0014175590491384282
2,8,71008,unmitigated,0.8671875,0.987765,1536,0,1536,,,-0.1205775,0.1205775,0.01453893350625,-0.1328125,0.1328125
2,8,71008,readout_mitigation,0.9765862417237123,0.987765,1536,1024,2560,-0.004847940747390865,,-0.01117875827628767,0.01117875827628767,0.0001249646365996701,-0.023413758276287666,0.023413758276287666
2,8,71008,zne_only,0.8716634114583325,0.987765,4608,0,4608,,-0.004638671874999961,-0.11610158854166752,0.11610158854166752,0.013479578861898663,-0.12833658854166752,0.12833658854166752
2,8,71008,readout_mitigation_plus_zne,0.9821907380391272,0.987765,4608,1024,5632,-0.004847940747390865,-0.005683424980361386,-0.0055742619608728505,0.0055742619608728505,3.1072396408434035e-05,-0.017809261960872846,0.017809261960872846
2,9,71009,unmitigated,0.8642578125,0.987765,1536,0,1536,,,-0.1235071875,0.1235071875,0.015254025364160158,-0.1357421875,0.1357421875
2,9,71009,readout_mitigation,0.9968753476986982,0.987765,1536,1024,2560,-0.022623595297259207,,0.009110347698698229,0.009110347698698229,8.299843519117611e-05,-0.003124652301301767,0.003124652301301767
2,9,71009,zne_only,0.8693033854166657,0.987765,4608,0,4608,,-0.008300781249999958,-0.11846161458333426,0.11846161458333426,0.014033154129690433,-0.13069661458333426,0.13069661458333426
2,9,71009,readout_mitigation_plus_zne,1.0033108642707909,0.987765,4608,1024,5632,-0.022623595297259207,-0.010280291510588626,0.015545864270790855,0.015545864270790855,0.00024167389592585166,0.0033108642707908587,0.0033108642707908587
2,10,71010,unmitigated,0.873046875,0.987765,1536,0,1536,,,-0.114718125,0.114718125,0.013160248203515626,-0.126953125,0.126953125
2,10,71010,readout_mitigation,0.9961533720202902,0.987765,1536,1024,2560,-0.013286275870570675,,0.008388372020290191,0.008388372020290191,7.036478515078734e-05,-0.0038466279797098046,0.0038466279797098046
2,10,71010,zne_only,0.8896484374999994,0.987765,4608,0,4608,,-0.014648437499999964,-0.09811656250000056,0.09811656250000056,0.009626859836816515,-0.11035156250000056,0.11035156250000056
2,10,71010,readout_mitigation_plus_zne,1.016607083883123,0.987765,4608,1024,5632,-0.013286275870570675,-0.01792277523365121,0.028842083883122926,0.028842083883122926,0.0008318658027210992,0.01660708388312293,0.01660708388312293
2,11,71011,unmitigated,0.8876953125,0.987765,1536,0,1536,,,-0.1000696875,0.1000696875,0.010013942356347658,-0.1123046875,0.1123046875
2,11,71011,readout_mitigation,1.0131758592504987,0.987765,1536,1024,2560,-0.021826583683030518,,0.025410859250498685,0.025410859250498685,0.0006457117678486547,0.01317585925049869,0.01317585925049869
2,11,71011,zne_only,0.9012044270833328,0.987765,4608,0,4608,,-0.014160156249999991,-0.08656057291666719,0.08656057291666719,0.0074927327836616575,-0.09879557291666718,0.09879557291666718
2,11,71011,readout_mitigation_plus_zne,1.0291314115589565,0.987765,4608,1024,5632,-0.021826583683030518,-0.016987520490961108,0.041366411558956484,0.041366411558956484,0.0017111800052649687,0.029131411558956488,0.029131411558956488
2,12,71012,unmitigated,0.8798828125,0.987765,1536,0,1536,,,-0.1078821875,0.1078821875,0.011638566379785158,-0.1201171875,0.1201171875
2,12,71012,readout_mitigation,0.9898275089605735,0.987765,1536,1024,2560,-0.01093189964157706,,0.0020625089605734725,0.0020625089605734725,4.253943212445866e-06,-0.010172491039426523,0.010172491039426523
2,12,71012,zne_only,0.8950195312499994,0.987765,4608,0,4608,,-0.014160156249999957,-0.09274546875000056,0.09274546875000056,0.00860172197365733,-0.10498046875000056,0.10498046875000056
2,12,71012,readout_mitigation_plus_zne,1.0077228942652323,0.987765,4608,1024,5632,-0.011944444444444443,-0.016858198924731126,0.019957894265232312,0.019957894265232312,0.0003983175435021928,0.007722894265232316,0.007722894265232316
2,13,71013,unmitigated,0.8759765625,0.987765,1536,0,1536,,,-0.1117884375,0.1117884375,0.012496654758691408,-0.1240234375,0.1240234375
2,13,71013,readout_mitigation,0.9977833378229684,0.987765,1536,1024,2560,-0.008469430151171341,,0.010018337822968348,0.010018337822968348,0.00010036709273511819,-0.0022166621770316475,0.0022166621770316475
2,13,71013,zne_only,0.8850097656249996,0.987765,4608,0,4608,,-0.011474609374999962,-0.10275523437500045,0.10275523437500045,0.010558638191461274,-0.11499023437500044,0.11499023437500044
2,13,71013,readout_mitigation_plus_zne,1.008427387382451,0.987765,4608,1024,5632,-0.008469430151171341,-0.013436374262063748,0.020662387382450964,0.020662387382450964,0.0004269342523424688,0.008427387382450968,0.008427387382450968
2,14,71014,unmitigated,0.8681640625,0.987765,1536,0,1536,,,-0.1196009375,0.1196009375,0.014304384250878908,-0.1318359375,0.1318359375
2,14,71014,readout_mitigation,0.9777942364664691,0.987765,1536,1024,2560,-0.00894155669270132,,-0.00997076353353088,0.00997076353353088,9.941612544158919e-05,-0.022205763533530876,0.022205763533530876
2,14,71014,zne_only,0.8863932291666659,0.987765,4608,0,4608,,-0.015624999999999981,-0.10137177083333415,0.10137177083333415,0.010276235921886017,-0.11360677083333415,0.11360677083333415
2,14,71014,readout_mitigation_plus_zne,0.9989301852350596,0.987765,4608,1024,5632,-0.00894155669270132,-0.018385851512703156,0.011165185235059605,0.011165185235059605,0.000124661361333193,-0.001069814764940391,0.001069814764940391
2,15,71015,unmitigated,0.8662109375,0.987765,1536,0,1536,,,-0.1215540625,0.1215540625,0.014775390110253908,-0.1337890625,0.1337890625
2,15,71015,readout_mitigation,0.98550398486977,0.987765,1536,1024,2560,-0.012384238737571435,,-0.0022610151302300263,0.0022610151302300263,5.112189419129103e-06,-0.014496015130230022,0.014496015130230022
2,15,71015,zne_only,0.879313151041666,0.987765,4608,0,4608,,-0.01098632812500001,-0.10845184895833404,0.10845184895833404,0.0117618035424813,-0.12068684895833404,0.12068684895833404
2,15,71015,readout_mitigation_plus_zne,1.0000164804939142,0.987765,4608,1024,5632,-0.012384238737571435,-0.012942870651991081,0.012251480493914224,0.012251480493914224,0.00015009877429276073,1.6480493914228234e-05,1.6480493914228234e-05
2,16,71016,unmitigated,0.8798828125,0.987765,1536,0,1536,,,-0.1078821875,0.1078821875,0.011638566379785158,-0.1201171875,0.1201171875
2,16,71016,readout_mitigation,0.9665844598709049,0.987765,1536,1024,2560,-0.0010438958191972465,,-0.021180540129095093,0.021180540129095093,0.0004486152801602076,-0.03341554012909509,0.03341554012909509
2,16,71016,zne_only,0.8931477864583326,0.987765,4608,0,4608,,-0.01049804687499995,-0.09461721354166741,0.09461721354166741,0.008952417098389492,-0.1068522135416674,0.1068522135416674
2,16,71016,readout_mitigation_plus_zne,0.9816287022055195,0.987765,4608,1024,5632,-0.010269325121352889,-0.011619321641700221,-0.00613629779448055,0.00613629779448055,3.765415062254686e-05,-0.018371297794480546,0.018371297794480546
2,17,71017,unmitigated,0.884765625,0.987765,1536,0,1536,,,-0.102999375,0.102999375,0.010608871250390626,-0.115234375,0.115234375
2,17,71017,readout_mitigation,1.0123392255313295,0.987765,1536,1024,2560,-0.01251805488685604,,0.024574225531329486,0.024574225531329486,0.0006038925604646459,0.01233922553132949,0.01233922553132949
2,17,71017,zne_only,0.8902994791666664,0.987765,4608,0,4608,,-0.0087890625,-0.0974655208333336,0.0974655208333336,0.009499527751312985,-0.10970052083333359,0.10970052083333359
2,17,71017,readout_mitigation_plus_zne,1.019446163957478,0.987765,4608,1024,5632,-0.01251805488685604,-0.010572712474493857,0.03168116395747789,0.03168116395747789,0.001003696149700596,0.01944616395747789,0.01944616395747789
2,18,71018,unmitigated,0.865234375,0.987765,1536,0,1536,,,-0.122530625,0.122530625,0.015013754062890626,-0.134765625,0.134765625
2,18,71018,readout_mitigation,0.9855608771681513,0.987765,1536,1024,2560,-0.017071266487994414,,-0.002204122831848676,0.002204122831848676,4.858157457876627e-06,-0.014439122831848672,0.014439122831848672
2,18,71018,zne_only,0.8690592447916663,0.987765,4608,0,4608,,-0.009521484375000002,-0.11870575520833371,0.11870575520833371,0.014091056319580846,-0.1309407552083337,0.1309407552083337
2,18,71018,readout_mitigation_plus_zne,0.9898973699870178,0.987765,4608,1024,5632,-0.017071266487994414,-0.011169489049095323,0.0021323699870178237,0.0021323699870178237,4.547001761534394e-06,-0.010102630012982172,0.010102630012982172
2,19,71019,unmitigated,0.8681640625,0.987765,1536,0,1536,,,-0.1196009375,0.1196009375,0.014304384250878908,-0.1318359375,0.1318359375
2,19,71019,readout_mitigation,0.9476411845730027,0.987765,1536,1024,2560,0.00796315426997245,,-0.04012381542699728,0.04012381542699728,0.0016099205644197448,-0.052358815426997274,0.052358815426997274
2,19,71019,zne_only,0.8819986979166662,0.987765,4608,0,4608,,-0.010253906250000012,-0.10576630208333382,0.10576630208333382,0.011186510656383023,-0.11800130208333381,0.11800130208333381
2,19,71019,readout_mitigation_plus_zne,0.9635775367309453,0.987765,4608,1024,5632,0.00796315426997245,-0.011729511019283708,-0.024187463269054743,0.024187463269054743,0.0005850333793918724,-0.03642246326905474,0.03642246326905474
3,0,72000,unmitigated,0.7975260416666667,0.974823525,2048,0,2048,,,-0.17729748333333328,0.17729748333333328,0.031434397596333596,-0.20247395833333326,0.20247395833333326
3,0,72000,readout_mitigation,0.9206266841566095,0.974823525,2048,1024,3072,-0.00043844444528407824,,-0.05419684084339049,0.05419684084339049,0.0029372975574038,-0.07937331584339047,0.07937331584339047
3,0,72000,zne_only,0.8163791232638885,0.974823525,6144,0,6144,,-0.016520182291666678,-0.15844440173611152,0.15844440173611152,0.025104628441514298,-0.1836208767361115,0.1836208767361115
3,0,72000,readout_mitigation_plus_zne,0.941938612586448,0.974823525,6144,1024,7168,-0.0012200840889089388,-0.019089105908176838,-0.03288491241355207,0.03288491241355207,0.001081417464446991,-0.058061387413552046,0.058061387413552046
3,1,72001,unmitigated,0.8098958333333333,0.974823525,2048,0,2048,,,-0.16492769166666676,0.16492769166666676,0.0272011434784951,-0.19010416666666674,0.19010416666666674
3,1,72001,readout_mitigation,0.9877091720162445,0.974823525,2048,1024,3072,-0.014663870361591304,,0.012885647016244506,0.012885647016244506,0.00016603989902725093,-0.01229082798375547,0.01229082798375547
3,1,72001,zne_only,0.8252495659722215,0.974823525,6144,0,6144,,-0.015136718749999983,-0.14957395902777848,0.14957395902777848,0.022372369219243557,-0.17475043402777846,0.17475043402777846
3,1,72001,readout_mitigation_plus_zne,1.0078070288407828,0.974823525,6144,1024,7168,-0.014663870361591304,-0.019125788127248754,0.032983503840782746,0.032983503840782746,0.0010879115256149303,0.00780702884078277,0.00780702884078277
3,2,72002,unmitigated,0.8040364583333333,0.974823525,2048,0,2048,,,-0.17078706666666676,0.17078706666666676,0.029168222140604477,-0.19596354166666674,0.19596354166666674
3,2,72002,readout_mitigation,0.9795685922625408,0.974823525,2048,1024,3072,-0.014091249759218261,,0.004745067262540759,0.004745067262540759,2.251566332603605e-05,-0.020431407737459217,0.020431407737459217
3,2,72002,zne_only,0.8330349392361105,0.974823525,6144,0,6144,,-0.024169921874999944,-0.14178858576388953,0.14178858576388953,0.020104003052923855,-0.1669650607638895,0.1669650607638895
3,2,72002,readout_mitigation_plus_zne,1.0166990283165946,0.974823525,6144,1024,7168,-0.014091249759218261,-0.030317485510669796,0.04187550331659462,0.04187550331659462,0.0017535577780181271,0.016699028316594644,0.016699028316594644
3,3,72003,unmitigated,0.8076171875,0.974823525,2048,0,2048,,,-0.16720633750000002,0.16720633750000002,0.027957959300163916,-0.1923828125,0.1923828125
3,3,72003,readout_mitigation,0.9544908151546706,0.974823525,2048,1024,3072,-0.01097949320182944,,-0.020332709845329422,0.020332709845329422,0.000413419089654356,-0.0455091848453294,0.0455091848453294
3,3,72003,zne_only,0.8298611111111107,0.974823525,6144,0,6144,,-0.022460937499999983,-0.1449624138888893,0.1449624138888893,0.02101410144049365,-0.17013888888888928,0.17013888888888928
3,3,72003,readout_mitigation_plus_zne,0.9821769327717146,0.974823525,6144,1024,7168,-0.011118371363210366,-0.02677031052392646,0.00735340777171456,0.00735340777171456,5.4072605857112085e-05,-0.017823067228285416,0.017823067228285416
3,4,72004,unmitigated,0.8173828125,0.974823525,2048,0,2048,,,-0.15744071250000002,0.15744071250000002,0.024787577952507665,-0.1826171875,0.1826171875
3,4,72004,readout_mitigation,1.000116279043183,0.974823525,2048,1024,3072,-0.02319325010638445,,0.025292754043182986,0.025292754043182986,0.0006397234070889493,0.00011627904318300963,0.00011627904318300963
3,4,72004,zne_only,0.838297526041666,0.974823525,6144,0,6144,,-0.02205403645833329,-0.13652599895833406,0.13652599895833406,0.018639348391571033,-0.16170247395833404,0.16170247395833404
3,4,72004,readout_mitigation_plus_zne,1.0265576504639504,0.974823525,6144,1024,7168,-0.02319325010638445,-0.027841510736574315,0.0517341254639504,0.0517341254639504,0.002676419737519761,0.026557650463950422,0.026557650463950422
3,5,72005,unmitigated,0.8063151041666667,0.974823525,2048,0,2048,,,-0.16850842083333328,0.16850842083333328,0.02839508789174375,-0.19368489583333326,0.19368489583333326
3,5,72005,readout_mitigation,0.9791633420056651,0.974823525,2048,1024,3072,-0.009330083021931768,,0.004339817005665103,0.004339817005665103,1.883401164266002e-05,-0.020836657994334873,0.020836657994334873
3,5,72005,zne_only,0.8261447482638882,0.974823525,6144,0,6144,,-0.018473307291666644,-0.14867877673611185,0.14867877673611185,0.022105378651746596,-0.17385525173611183,0.17385525173611183
3,5,72005,readout_mitigation_plus_zne,1.0047060782501132,0.974823525,6144,1024,7168,-0.013791776470160734,-0.0240208235888045,0.02988255325011313,0.02988255325011313,0.0008929669887458468,0.004706078250113155,0.004706078250113155
3,6,72006,unmitigated,0.7985026041666667,0.974823525,2048,0,2048,,,-0.17632092083333328,0.17632092083333328,0.031089067123514582,-0.20149739583333326,0.20149739583333326
3,6,72006,readout_mitigation,0.9578640356009138,0.974823525,2048,1024,3072,-0.005515214031712096,,-0.016959489399086203,0.016959489399086203,0.0002876242806777173,-0.04213596439908618,0.04213596439908618
3,6,72006,zne_only,0.8281792534722219,0.974823525,6144,0,6144,,-0.020670572916666647,-0.14664427152777815,0.14664427152777815,0.021504542371912724,-0.17182074652777812,0.17182074652777812
3,6,72006,readout_mitigation_plus_zne,0.9939484949095572,0.974823525,6144,1024,7168,-0.01075938285302196,-0.025595969875271754,0.019124969909557143,0.019124969909557143,0.00036576447404146616,-0.0060515050904428325,0.0060515050904428325
3,7,72007,unmitigated,0.806640625,0.974823525,2048,0,2048,,,-0.16818290000000002,0.16818290000000002,0.02828548785241001,-0.193359375,0.193359375
3,7,72007,readout_mitigation,0.9908493880305518,0.974823525,2048,1024,3072,-0.01308040314398022,,0.016025863030551757,0.016025863030551757,0.0002568282858740055,-0.009150611969448219,0.009150611969448219
3,7,72007,zne_only,0.8211805555555551,0.974823525,6144,0,6144,,-0.018229166666666692,-0.1536429694444449,0.1536429694444449,0.023606162059706625,-0.17881944444444486,0.17881944444444486
3,7,72007,readout_mitigation_plus_zne,1.0105487685152597,0.974823525,6144,1024,7168,-0.01308040314398022,-0.02391871847643302,0.03572524351525963,0.03572524351525963,0.0012762930242246004,0.010548768515259654,0.010548768515259654
3,8,72008,unmitigated,0.8160807291666667,0.974823525,2048,0,2048,,,-0.15874279583333328,0.15874279583333328,0.025199275228983336,-0.18391927083333326,0.18391927083333326
3,8,72008,readout_mitigation,0.9674605072779128,0.974823525,2048,1024,3072,-0.005936062678365545,,-0.007363017722087251,0.007363017722087251,5.421402997577092e-05,-0.03253949272208723,0.03253949272208723
3,8,72008,zne_only,0.8342285156249997,0.974823525,6144,0,6144,,-0.020263671874999993,-0.14059500937500036,0.14059500937500036,0.019766956661156437,-0.16577148437500033,0.16577148437500033
3,8,72008,readout_mitigation_plus_zne,0.9900558979290206,0.974823525,6144,1024,7168,-0.007955299149573023,-0.025360522807761677,0.015232372929020577,0.015232372929020577,0.0002320251850487589,-0.0099441020709794,0.0099441020709794
3,9,72009,unmitigated,0.810546875,0.974823525,2048,0,2048,,,-0.16427665000000002,0.16427665000000002,0.026986817735222508,-0.189453125,0.189453125
3,9,72009,readout_mitigation,1.0015980377796037,0.974823525,2048,1024,3072,-0.022660533154741334,,0.026774512779603632,0.026774512779603632,0.0007168745345851582,0.001598037779603656,0.001598037779603656
3,9,72009,zne_only,0.8263617621527772,0.974823525,6144,0,6144,,-0.016194661458333287,-0.1484617628472228,0.1484617628472228,0.02204089502770502,-0.17363823784722276,0.17363823784722276
3,9,72009,readout_mitigation_plus_zne,1.022518534816961,0.974823525,6144,1024,7168,-0.022660533154741334,-0.020988814619113436,0.047695009816960954,0.047695009816960954,0.002274813961440002,0.022518534816960978,0.022518534816960978
3,10,72010,unmitigated,0.8147786458333333,0.974823525,2048,0,2048,,,-0.16004487916666676,0.16004487916666676,0.025614363347472965,-0.18522135416666674,0.18522135416666674
3,10,72010,readout_mitigation,0.9631481577144616,0.974823525,2048,1024,3072,-0.01716904005237779,,-0.011675367285538418,0.011675367285538418,0.00013631420125222074,-0.036851842285538394,0.036851842285538394
3,10,72010,zne_only,0.8424750434027773,0.974823525,6144,0,6144,,-0.020589192708333294,-0.13234848159722268,0.13234848159722268,0.01751612058109039,-0.15752495659722265,0.15752495659722265
3,10,72010,readout_mitigation_plus_zne,0.9991817477102491,0.974823525,6144,1024,7168,-0.01716904005237779,-0.0255889786195225,0.024358222710249122,0.024358222710249122,0.0005933230136020961,-0.0008182522897508537,0.0008182522897508537
3,11,72011,unmitigated,0.8089192708333333,0.974823525,2048,0,2048,,,-0.16590425416666676,0.16590425416666676,0.027524221550597968,-0.19108072916666674,0.19108072916666674
3,11,72011,readout_mitigation,0.9464482371346516,0.974823525,2048,1024,3072,-0.005479331387537985,,-0.028375287865348375,0.028375287865348375,0.0008051569614413868,-0.05355176286534835,0.05355176286534835
3,11,72011,zne_only,0.8259006076388885,0.974823525,6144,0,6144,,-0.01806640624999997,-0.14892291736111152,0.14892291736111152,0.02217803531534445,-0.1740993923611115,0.1740993923611115
3,11,72011,readout_mitigation_plus_zne,0.9672913817763118,0.974823525,6144,1024,7168,-0.005479331387537985,-0.02207113171606404,-0.007532143223688226,0.007532143223688226,5.673318154215246e-05,-0.0327086182236882,0.0327086182236882
3,12,72012,unmitigated,0.8040364583333333,0.974823525,2048,0,2048,,,-0.17078706666666676,0.17078706666666676,0.029168222140604477,-0.19596354166666674,0.19596354166666674
3,12,72012,readout_mitigation,0.9721641628853748,0.974823525,2048,1024,3072,-0.014775435105166825,,-0.002659362114625252,0.002659362114625252,7.072206856704093e-06,-0.027835837114625228,0.027835837114625228
3,12,72012,zne_only,0.8151584201388885,0.974823525,6144,0,6144,,-0.015136718750000002,-0.15966510486111152,0.15966510486111152,0.025492945710309738,-0.1848415798611115,0.1848415798611115
3,12,72012,readout_mitigation_plus_zne,0.9861008231589203,0.974823525,6144,1024,7168,-0.014775435105166825,-0.01877800016113343,0.011277298158920313,0.011277298158920313,0.00012717745376518747,-0.013899176841079663,0.013899176841079663
3,13,72013,unmitigated,0.7890625,0.974823525,2048,0,2048,,,-0.18576102500000002,0.18576102500000002,0.03450715840905064,-0.2109375,0.2109375
3,13,72013,readout_mitigation,0.9518846008917771,0.974823525,2048,1024,3072,-0.006001454562730955,,-0.022938924108222958,0.022938924108222958,0.0005261942392428124,-0.048115399108222934,0.048115399108222934
3,13,72013,zne_only,0.8124457465277773,0.974823525,6144,0,6144,,-0.01350911458333331,-0.16237777847222268,0.16237777847222268,0.02636654294157422,-0.18755425347222265,0.18755425347222265
3,13,72013,readout_mitigation_plus_zne,0.9816761922140583,0.974823525,6144,1024,7168,-0.006001454562730955,-0.017040667193945244,0.006852667214058306,0.006852667214058306,4.695904794662962e-05,-0.01832380778594167,0.01832380778594167
3,14,72014,unmitigated,0.8225911458333333,0.974823525,2048,0,2048,,,-0.15223237916666676,0.15223237916666676,0.023174697266743798,-0.17740885416666674,0.17740885416666674
3,14,72014,readout_mitigation,0.9781466935710805,0.974823525,2048,1024,3072,-0.013289067256850763,,0.0033231685710805037,0.0033231685710805037,1.1043449351817236e-05,-0.021853306428919472,0.021853306428919472
3,14,72014,zne_only,0.8526475694444441,0.974823525,6144,0,6144,,-0.02799479166666665,-0.12217595555555594,0.12217595555555594,0.01492696411591318,-0.1473524305555559,0.1473524305555559
3,14,72014,readout_mitigation_plus_zne,1.0141834796568663,0.974823525,6144,1024,7168,-0.013289067256850763,-0.033590369004707486,0.03935995465686626,0.03935995465686626,0.0015492060305905679,0.014183479656866282,0.014183479656866282
3,15,72015,unmitigated,0.8248697916666667,0.974823525,2048,0,2048,,,-0.14995373333333328,0.14995373333333328,0.022486122140604428,-0.17513020833333326,0.17513020833333326
3,15,72015,readout_mitigation,0.9659984913523594,0.974823525,2048,1024,3072,-0.009077908071943504,,-0.008825033647640645,0.008825033647640645,7.788121888198955e-05,-0.03400150864764062,0.03400150864764062
3,15,72015,zne_only,0.8429361979166663,0.974823525,6144,0,6144,,-0.020345052083333343,-0.13188732708333373,0.13188732708333373,0.017394267045186255,-0.1570638020833337,0.1570638020833337
3,15,72015,readout_mitigation_plus_zne,0.9888706266477114,0.974823525,6144,1024,7168,-0.009077908071943504,-0.025017713685033183,0.01404710164771139,0.01404710164771139,0.00019732106470113608,-0.011129373352288585,0.011129373352288585
3,16,72016,unmitigated,0.7962239583333333,0.974823525,2048,0,2048,,,-0.17859956666666676,0.17859956666666676,0.031897805213521147,-0.20377604166666674,0.20377604166666674
3,16,72016,readout_mitigation,0.9559366842503351,0.974823525,2048,1024,3072,-0.014482208646898054,,-0.018886840749664957,0.018886840749664957,0.00035671275350320473,-0.04406331574966493,0.04406331574966493
3,16,72016,zne_only,0.818956163194444,0.974823525,6144,0,6144,,-0.020670572916666626,-0.15586736180555605,0.15586736180555605,0.02429463447622411,-0.18104383680555602,0.18104383680555602
3,16,72016,readout_mitigation_plus_zne,0.9842673453152868,0.974823525,6144,1024,7168,-0.014482208646898054,-0.025738629929494147,0.009443820315286788,0.009443820315286788,8.918574214742345e-05,-0.015732654684713188,0.015732654684713188
3,17,72017,unmitigated,0.798828125,0.974823525,2048,0,2048,,,-0.17599540000000002,0.17599540000000002,0.030974380821160007,-0.201171875,0.201171875
3,17,72017,readout_mitigation,0.9399155561559505,0.974823525,2048,1024,3072,-0.004837526450389135,,-0.034907968844049564,0.034907968844049564,0.001218566288817135,-0.06008444384404954,0.06008444384404954
3,17,72017,zne_only,0.8100857204861106,0.974823525,6144,0,6144,,-0.01521809895833332,-0.16473780451388942,0.16473780451388942,0.027138544236056446,-0.1899142795138894,0.1899142795138894
3,17,72017,readout_mitigation_plus_zne,0.9533570066524628,0.974823525,6144,1024,7168,-0.00676110543066877,-0.01835237326172493,-0.02146651834753721,0.02146651834753721,0.0004608114099651517,-0.04664299334753719,0.04664299334753719
3,18,72018,unmitigated,0.8095703125,0.974823525,2048,0,2048,,,-0.16525321250000002,0.16525321250000002,0.027308624241570163,-0.1904296875,0.1904296875
3,18,72018,readout_mitigation,0.98099885328204,0.974823525,2048,1024,3072,-0.020935084472366864,,0.006175328282039927,0.006175328282039927,3.8134679390962194e-05,-0.01900114671796005,0.01900114671796005
3,18,72018,zne_only,0.8420410156249997,0.974823525,6144,0,6144,,-0.02807617187499998,-0.13278250937500036,0.13278250937500036,0.017631194795922057,-0.15795898437500033,0.15795898437500033
3,18,72018,readout_mitigation_plus_zne,1.0225091430038091,0.974823525,6144,1024,7168,-0.020935084472366864,-0.03611059511505976,0.047685618003809105,0.047685618003809105,0.002273918164405203,0.02250914300380913,0.02250914300380913
3,19,72019,unmitigated,0.8050130208333333,0.974823525,2048,0,2048,,,-0.16981050416666676,0.16981050416666676,0.02883560732533755,-0.19498697916666674,0.19498697916666674
3,19,72019,readout_mitigation,0.9409313403206234,0.974823525,2048,1024,3072,-0.009237265974044395,,-0.0338921846793766,0.0338921846793766,0.00114868018234097,-0.05906865967937658,0.05906865967937658
3,19,72019,zne_only,0.8369683159722217,0.974823525,6144,0,6144,,-0.022623697916666612,-0.13785520902777837,0.13785520902777837,0.019004058656092466,-0.16303168402777835,0.16303168402777835
3,19,72019,readout_mitigation_plus_zne,0.9795340964252267,0.974823525,6144,1024,7168,-0.009237265974044395,-0.02717157169458033,0.004710571425226684,0.004710571425226684,2.2189483152162152e-05,-0.020465903574773292,0.020465903574773292
4,0,73000,unmitigated,0.75341796875,0.9620482580624999,2560,0,2560,,,-0.20863028931249994,0.20863028931249994,0.04352659761861743,-0.24658203125,0.24658203125
4,0,73000,readout_mitigation,0.9749180121182472,0.9620482580624999,2560,1024,3584,-0.013041881502100429,,0.012869754055747307,0.012869754055747307,0.00016563056945542425,-0.025081987881752754,0.025081987881752754
4,0,73000,zne_only,0.7777506510416664,0.9620482580624999,7680,0,7680,,-0.02465820312500003,-0.18429760702083353,0.18429760702083353,0.03396560795360559,-0.2222493489583336,0.2222493489583336
4,0,73000,readout_mitigation_plus_zne,1.0064004696916742,0.9620482580624999,7680,1024,8704,-0.013041881502100429,-0.03267561062011195,0.04435221162917424,0.04435221162917424,0.001967118676399059,0.006400469691674182,0.006400469691674182
4,1,73001,unmitigated,0.75927734375,0.9620482580624999,2560,0,2560,,,-0.20277091431249994,0.20277091431249994,0.041116043691127195,-0.24072265625,0.24072265625
4,1,73001,readout_mitigation,0.9570527027834554,0.9620482580624999,2560,1024,3584,-0.013419141109017388,,-0.004995555279044495,0.004995555279044495,2.495557254598932e-05,-0.042947297216544555,0.042947297216544555
4,1,73001,zne_only,0.7772623697916665,0.9620482580624999,7680,0,7680,,-0.022216796875000017,-0.18478588827083342,0.18478588827083342,0.03414582450404093,-0.22273763020833348,0.22273763020833348
4,1,73001,readout_mitigation_plus_zne,0.9788577332008981,0.9620482580624999,7680,1024,8704,-0.013419141109017388,-0.027592869494511747,0.016809475138398144,0.016809475138398144,0.0002825584544284253,-0.021142266799101916,0.021142266799101916
4,2,73002,unmitigated,0.74853515625,0.9620482580624999,2560,0,2560,,,-0.21351310181249994,0.21351310181249994,0.04558784464559496,-0.25146484375,0.25146484375
4,2,73002,readout_mitigation,0.9443843861624921,0.9620482580624999,2560,1024,3584,-0.012415007337053946,,-0.017663871900007844,0.017663871900007844,0.0003120123704998867,-0.055615613837507905,0.055615613837507905
4,2,73002,zne_only,0.777303059895833,0.9620482580624999,7680,0,7680,,-0.02575683593749998,-0.1847451981666669,0.1847451981666669,0.034130788245641024,-0.22269694010416696,0.22269694010416696
4,2,73002,readout_mitigation_plus_zne,0.9822972757000762,0.9620482580624999,7680,1024,8704,-0.01706474240963479,-0.03394291509843447,0.02024901763757625,0.02024901763757625,0.00041002271528687407,-0.01770272429992381,0.01770272429992381
4,3,73003,unmitigated,0.7587890625,0.9620482580624999,2560,0,2560,,,-0.20325919556249994,0.20325919556249994,0.04131430058071459,-0.2412109375,0.2412109375
4,3,73003,readout_mitigation,0.9454683321644917,0.9620482580624999,2560,1024,3584,-0.012698707011782799,,-0.016579925898008274,0.016579925898008274,0.00027489394278344545,-0.054531667835508335,0.054531667835508335
4,3,73003,zne_only,0.7959798177083328,0.9620482580624999,7680,0,7680,,-0.031494140624999986,-0.16606844035416712,0.16606844035416712,0.027578726881665565,-0.20402018229166718,0.20402018229166718
4,3,73003,readout_mitigation_plus_zne,0.992606979103213,0.9620482580624999,7680,1024,8704,-0.012698707011782799,-0.04015285298399646,0.03055872104071311,0.03055872104071311,0.0009338354316441222,-0.00739302089678695,0.00739302089678695
4,4,73004,unmitigated,0.77197265625,0.9620482580624999,2560,0,2560,,,-0.19007560181249994,0.19007560181249994,0.03612873440438403,-0.22802734375,0.22802734375
4,4,73004,readout_mitigation,0.9626862384179993,0.9620482580624999,2560,1024,3584,-0.014510486668642469,,0.0006379803554993346,0.0006379803554993346,4.070189340030574e-07,-0.037313761582000726,0.037313761582000726
4,4,73004,zne_only,0.8091227213541663,0.9620482580624999,7680,0,7680,,-0.03527832031249999,-0.15292553670833364,0.15292553670833364,0.0233862197775319,-0.1908772786458337,0.1908772786458337
4,4,73004,readout_mitigation_plus_zne,1.0105669294680213,0.9620482580624999,7680,1024,8704,-0.014510486668642469,-0.04451834857754116,0.04851867140552135,0.04851867140552135,0.0023540614749569554,0.010566929468021291,0.010566929468021291
4,5,73005,unmitigated,0.751953125,0.9620482580624999,2560,0,2560,,,-0.21009513306249994,0.21009513306249994,0.04413996493654956,-0.248046875,0.248046875
4,5,73005,readout_mitigation,0.9540107503626054,0.9620482580624999,2560,1024,3584,-0.0068712186173909805,,-0.00803750769989453,0.00803750769989453,6.460153002586387e-05,-0.04598924963739459,0.04598924963739459
4,5,73005,zne_only,0.7802327473958333,0.9620482580624999,7680,0,7680,,-0.022827148437500038,-0.18181551066666668,0.18181551066666668,0.033056879918980785,-0.21976725260416674,0.21976725260416674
4,5,73005,readout_mitigation_plus_zne,0.9912701277635398,0.9620482580624999,7680,1024,8704,-0.013041683325839923,-0.03062953988376506,0.029221869701039904,0.029221869701039904,0.0008539176688245539,-0.008729872236460157,0.008729872236460157
4,6,73006,unmitigated,0.732421875,0.9620482580624999,2560,0,2560,,,-0.22962638306249994,0.22962638306249994,0.05272827579836596,-0.267578125,0.267578125
4,6,73006,readout_mitigation,0.9484820454620562,0.9620482580624999,2560,1024,3584,-0.014229456386026254,,-0.013566212600443772,0.013566212600443772,0.00018404212432043937,-0.05151795453794383,0.05151795453794383
4,6,73006,zne_only,0.7596435546874998,0.9620482580624999,7680,0,7680,,-0.025512695312500052,-0.20240470337500016,0.20240470337500016,0.040967663948321804,-0.24035644531250022,0.24035644531250022
4,6,73006,readout_mitigation_plus_zne,0.9851512022236364,0.9620482580624999,7680,1024,8704,-0.014229456386026254,-0.03414474555349028,0.02310294416113645,0.02310294416113645,0.0005337460289125889,-0.01484879777636361,0.01484879777636361
4,7,73007,unmitigated,0.732421875,0.9620482580624999,2560,0,2560,,,-0.22962638306249994,0.22962638306249994,0.05272827579836596,-0.267578125,0.267578125
4,7,73007,readout_mitigation,0.950721214424294,0.9620482580624999,2560,1024,3584,-0.016040847489855924,,-0.011327043638205914,0.011327043638205914,0.00012830191758182106,-0.049278785575705975,0.049278785575705975
4,7,73007,zne_only,0.7553710937499992,0.9620482580624999,7680,0,7680,,-0.01855468749999991,-0.20667716431250072,0.20667716431250072,0.04271545024825642,-0.24462890625000078,0.24462890625000078
4,7,73007,readout_mitigation_plus_zne,0.9819210058772343,0.9620482580624999,7680,1024,8704,-0.016040847489855924,-0.025912250691460168,0.01987274781473436,0.01987274781473436,0.0003949261057080293,-0.0180789941227657,0.0180789941227657
4,8,73008,unmitigated,0.7626953125,0.9620482580624999,2560,0,2560,,,-0.19935294556249994,0.19935294556249994,0.039741596904445065,-0.2373046875,0.2373046875
4,8,73008,readout_mitigation,0.9656886063276399,0.9620482580624999,2560,1024,3584,-0.01016557097243595,,0.0036403482651399255,0.0036403482651399255,1.3252135491507265e-05,-0.034311393672360135,0.034311393672360135
4,8,73008,zne_only,0.7866617838541659,0.9620482580624999,7680,0,7680,,-0.026489257812499944,-0.1753864742083341,0.1753864742083341,0.030760415335230638,-0.21333821614583415,0.21333821614583415
4,8,73008,readout_mitigation_plus_zne,0.9963353004265907,0.9620482580624999,7680,1024,8704,-0.01016557097243595,-0.03463008099590026,0.03428704236409075,0.03428704236409075,0.0011756012740769537,-0.0036646995734093135,0.0036646995734093135
4,9,73009,unmitigated,0.7587890625,0.9620482580624999,2560,0,2560,,,-0.20325919556249994,0.20325919556249994,0.04131430058071459,-0.2412109375,0.2412109375
4,9,73009,readout_mitigation,0.9512664933071666,0.9620482580624999,2560,1024,3584,-0.00692986650493066,,-0.010781764755333323,0.010781764755333323,0.00011624645123934783,-0.048733506692833384,0.048733506692833384
4,9,73009,zne_only,0.7895507812499994,0.9620482580624999,7680,0,7680,,-0.028808593749999983,-0.1724974768125005,0.1724974768125005,0.029755379506679145,-0.21044921875000056,0.21044921875000056
4,9,73009,readout_mitigation_plus_zne,0.9915121660397619,0.9620482580624999,7680,1024,8704,-0.0159967301897106,-0.03766789486925551,0.02946390797726195,0.02946390797726195,0.0008681218732925604,-0.008487833960238111,0.008487833960238111
4,10,73010,unmitigated,0.74365234375,0.9620482580624999,2560,0,2560,,,-0.21839591431249994,0.21839591431249994,0.047696775388392815,-0.25634765625,0.25634765625
4,10,73010,readout_mitigation,0.9286143631520632,0.9620482580624999,2560,1024,3584,-0.012389414922070923,,-0.03343389491043669,0.03343389491043669,0.0011178253288821245,-0.07138563684793675,0.07138563684793675
4,10,73010,zne_only,0.759724934895833,0.9620482580624999,7680,0,7680,,-0.019409179687500024,-0.2023233231666669,0.2023233231666669,0.040934727097203534,-0.24027506510416696,0.24027506510416696
4,10,73010,readout_mitigation_plus_zne,0.9487927655721835,0.9620482580624999,7680,1024,8704,-0.012389414922070923,-0.02469694004988882,-0.013255492490316434,0.013255492490316434,0.00017570808116083538,-0.051207234427816495,0.051207234427816495
4,11,73011,unmitigated,0.76025390625,0.9620482580624999,2560,0,2560,,,-0.20179435181249994,0.20179435181249994,0.040720960423426995,-0.23974609375,0.23974609375
4,11,73011,readout_mitigation,0.9853044270120099,0.9620482580624999,2560,1024,3584,-0.015911497136981458,,0.023256168949509992,0.023256168949509992,0.0005408493942081527,-0.014695572987990069,0.014695572987990069
4,11,73011,zne_only,0.7878824869791666,0.9620482580624999,7680,0,7680,,-0.030639648437500056,-0.1741657710833333,0.1741657710833333,0.030333715817052062,-0.21211751302083337,0.21211751302083337
4,11,73011,readout_mitigation_plus_zne,1.0220379726948619,0.9620482580624999,7680,1024,8704,-0.015911497136981458,-0.040499141302169445,0.05998971463236191,0.05998971463236191,0.003598765861672217,0.02203797269486185,0.02203797269486185
4,12,73012,unmitigated,0.74169921875,0.9620482580624999,2560,0,2560,,,-0.22034903931249994,0.22034903931249994,0.048553699125941645,-0.25830078125,0.25830078125
4,12,73012,readout_mitigation,0.9615633448254794,0.9620482580624999,2560,1024,3584,-0.014507170027985213,,-0.00048491323702049005,0.00048491323702049005,2.3514084743768996e-07,-0.03843665517452055,0.03843665517452055
4,12,73012,zne_only,0.7656656901041663,0.9620482580624999,7680,0,7680,,-0.02062988281250002,-0.19638256795833364,0.19638256795833364,0.03856611299790953,-0.2343343098958337,0.2343343098958337
4,12,73012,readout_mitigation_plus_zne,0.9954363642090618,0.9620482580624999,7680,1024,8704,-0.014507170027985213,-0.028392072730930504,0.03338810614656185,0.03338810614656185,0.001114765632054081,-0.004563635790938214,0.004563635790938214
4,13,73013,unmitigated,0.7353515625,0.9620482580624999,2560,0,2560,,,-0.22669669556249994,0.22669669556249994,0.05139139177895678,-0.2646484375,0.2646484375
4,13,73013,readout_mitigation,0.9425900621803948,0.9620482580624999,2560,1024,3584,-0.009178496227202597,,-0.019458195882105178,0.019458195882105178,0.0003786213869863749,-0.05740993781960524,0.05740993781960524
4,13,73013,zne_only,0.7535400390624998,0.9620482580624999,7680,0,7680,,-0.018920898437500028,-0.20850821900000016,0.20850821900000016,0.043475677390552026,-0.24645996093750022,0.24645996093750022
4,13,73013,readout_mitigation_plus_zne,0.9666048017919905,0.9620482580624999,7680,1024,8704,-0.014198621245850376,-0.025148917074126358,0.0045565437294905475,0.0045565437294905475,2.0762090758759627e-05,-0.03339519820800951,0.03339519820800951
4,14,73014,unmitigated,0.74853515625,0.9620482580624999,2560,0,2560,,,-0.21351310181249994,0.21351310181249994,0.04558784464559496,-0.25146484375,0.25146484375
4,14,73014,readout_mitigation,0.979288181563994,0.9620482580624999,2560,1024,3584,-0.015453080221216548,,0.01723992350149406,0.01723992350149406,0.00029721496233736715,-0.020711818436006002,0.020711818436006002
4,14,73014,zne_only,0.7602945963541662,0.9620482580624999,7680,0,7680,,-0.019165039062500003,-0.20175366170833375,0.20175366170833375,0.04070454001272078,-0.23970540364583381,0.23970540364583381
4,14,73014,readout_mitigation_plus_zne,0.9955933142268707,0.9620482580624999,7680,1024,8704,-0.015453080221216548,-0.02635677867915573,0.03354505616437076,0.03354505616437076,0.0011252707930707886,-0.004406685773129304,0.004406685773129304
4,15,73015,unmitigated,0.75634765625,0.9620482580624999,2560,0,2560,,,-0.20570060181249994,0.20570060181249994,0.042312737586024655,-0.24365234375,0.24365234375
4,15,73015,readout_mitigation,1.0067064726436021,0.9620482580624999,2560,1024,3584,-0.016171372206121627,,0.044658214581102196,0.044658214581102196,0.0019943561295717688,0.006706472643602135,0.006706472643602135
4,15,73015,zne_only,0.7761637369791663,0.9620482580624999,7680,0,7680,,-0.025268554687499993,-0.18588452108333364,0.18588452108333364,0.03455305517838031,-0.2238362630208337,0.2238362630208337
4,15,73015,readout_mitigation_plus_zne,1.0346756299081918,0.9620482580624999,7680,1024,8704,-0.016171372206121627,-0.03525519221947457,0.0726273718456919,0.0726273718456919,0.0052747351412124,0.03467562990819184,0.03467562990819184
4,16,73016,unmitigated,0.75390625,0.9620482580624999,2560,0,2560,,,-0.20814200806249994,0.20814200806249994,0.04332309552028979,-0.24609375,0.24609375
4,16,73016,readout_mitigation,0.9446681928786402,0.9620482580624999,2560,1024,3584,-0.012841619941879948,,-0.017380065183859705,0.017380065183859705,0.0003020666657952123,-0.055331807121359766,0.055331807121359766
4,16,73016,zne_only,0.7777099609374994,0.9620482580624999,7680,0,7680,,-0.02648925781249998,-0.1843382971250005,0.1843382971250005,0.033980607786944964,-0.22229003906250056,0.22229003906250056
4,16,73016,readout_mitigation_plus_zne,0.9750978225637924,0.9620482580624999,7680,1024,8704,-0.012841619941879948,-0.03355993744362303,0.013049564501292465,0.013049564501292465,0.00017029113367339246,-0.024902177436207595,0.024902177436207595
4,17,73017,unmitigated,0.7568359375,0.9620482580624999,2560,0,2560,,,-0.20521232056249994,0.20521232056249994,0.042112096510646235,-0.2431640625,0.2431640625
4,17,73017,readout_mitigation,0.9802005747348231,0.9620482580624999,2560,1024,3584,-0.024419663302181233,,0.0181523166723232,0.0181523166723232,0.00032950660057230274,-0.019799425265176862,0.019799425265176862
4,17,73017,zne_only,0.7801920572916663,0.9620482580624999,7680,0,7680,,-0.025146484374999976,-0.18185620077083364,0.18185620077083364,0.03307167775880175,-0.2198079427083337,0.2198079427083337
4,17,73017,readout_mitigation_plus_zne,1.011780433289019,0.9620482580624999,7680,1024,8704,-0.024419663302181233,-0.033584403291656996,0.04973217522651907,0.04973217522651907,0.002473289252761197,0.01178043328901901,0.01178043328901901
4,18,73018,unmitigated,0.7783203125,0.9620482580624999,2560,0,2560,,,-0.18372794556249994,0.18372794556249994,0.03375595798061694,-0.2216796875,0.2216796875
4,18,73018,readout_mitigation,1.0177826402728996,0.9620482580624999,2560,1024,3584,-0.01783600440514788,,0.05573438221039961,0.05573438221039961,0.0031063213603749087,0.017782640272899553,0.017782640272899553
4,18,73018,zne_only,0.8031005859374997,0.9620482580624999,7680,0,7680,,-0.02844238281250001,-0.15894767212500027,0.15894767212500027,0.025264362473956588,-0.19689941406250033,0.19689941406250033
4,18,73018,readout_mitigation_plus_zne,1.051753390144147,0.9620482580624999,7680,1024,8704,-0.01783600440514788,-0.03805613879505158,0.08970513208164699,0.08970513208164699,0.008047010721785732,0.05175339014414693,0.05175339014414693
4,19,73019,unmitigated,0.75537109375,0.9620482580624999,2560,0,2560,,,-0.20667716431249994,0.20667716431249994,0.0427154502482561,-0.24462890625,0.24462890625
4,19,73019,readout_mitigation,0.9638273974594848,0.9620482580624999,2560,1024,3584,-0.020236558788239517,,0.001779139396984819,0.001779139396984819,3.1653369939035057e-06,-0.03617260254051524,0.03617260254051524
4,19,73019,zne_only,0.7795410156249996,0.9620482580624999,7680,0,7680,,-0.024658203125000003,-0.18250724243750038,0.18250724243750038,0.03330889354214054,-0.22045898437500044,0.22045898437500044
4,19,73019,readout_mitigation_plus_zne,0.99592390336994,0.9620482580624999,7680,1024,8704,-0.020236558788239517,-0.032491921412152715,0.03387564530744003,0.03387564530744003,0.0011475593449954836,-0.004076096630060033,0.004076096630060033
5,0,74000,unmitigated,0.7,0.9494438412032814,3072,0,3072,,,-0.24944384120328145,0.24944384120328145,0.06222222991424789,-0.30000000000000004,0.30000000000000004
5,0,74000,readout_mitigation,0.9350844763378963,0.9494438412032814,3072,1024,4096,-0.014757406600307795,,-0.014359364865385138,0.014359364865385138,0.00020619135933725715,-0.06491552366210374,0.06491552366210374
5,0,74000,zne_only,0.726057942708333,0.9494438412032814,9216,0,9216,,-0.03149414062500003,-0.2233858984949484,0.2233858984949484,0.049901259646395385,-0.273942057291667,0.273942057291667
5,0,74000,readout_mitigation_plus_zne,0.9705106409785218,0.9494438412032814,9216,1024,10240,-0.014757406600307795,-0.04280765859066533,0.021066799775240397,0.021066799775240397,0.00044381005277006885,-0.0294893590214782,0.0294893590214782
5,1,74001,unmitigated,0.7013671875,0.9494438412032814,3072,0,3072,,,-0.24807665370328136,0.24807665370328136,0.06154202611261778,-0.29863281249999996,0.29863281249999996
5,1,74001,readout_mitigation,0.9351145449048985,0.9494438412032814,3072,1024,4096,-0.014325991076935453,,-0.014329296298382865,0.014329296298382865,0.00020532873240684888,-0.06488545509510146,0.06488545509510146
5,1,74001,zne_only,0.725862630208333,0.9494438412032814,9216,0,9216,,-0.03188476562500001,-0.22358121099494843,0.22358121099494843,0.04998855790996765,-0.27413736979166703,0.27413736979166703
5,1,74001,readout_mitigation_plus_zne,0.9685509994839145,0.9494438412032814,9216,1024,10240,-0.014325991076935453,-0.04282781288878766,0.01910715828063314,0.01910715828063314,0.0003650834975611676,-0.03144900051608546,0.03144900051608546
5,2,74002,unmitigated,0.69609375,0.9494438412032814,3072,0,3072,,,-0.25335009120328145,0.25335009120328145,0.06418626871271103,-0.30390625000000004,0.30390625000000004
5,2,74002,readout_mitigation,0.9569394341749844,0.9494438412032814,3072,1024,4096,-0.01443555506368057,,0.007495592971702991,0.007495592971702991,5.6183913997443276e-05,-0.043060565825015606,0.043060565825015606
5,2,74002,zne_only,0.7270345052083329,0.9494438412032814,9216,0,9216,,-0.032666015624999975,-0.2224093359949485,0.2224093359949485,0.04946591273771389,-0.2729654947916671,0.2729654947916671
5,2,74002,readout_mitigation_plus_zne,1.0017124381665818,0.9494438412032814,9216,1024,10240,-0.01443555506368057,-0.046327728650849755,0.05226859696330044,0.05226859696330044,0.0027320062285119398,0.0017124381665818422,0.0017124381665818422
5,3,74003,unmitigated,0.69140625,0.9494438412032814,3072,0,3072,,,-0.2580375912032814,0.2580375912032814,0.06658339847399176,-0.30859375,0.30859375
5,3,74003,readout_mitigation,0.931460055695887,0.9494438412032814,3072,1024,4096,-0.013719702744842145,,-0.017983785507394434,0.017983785507394434,0.00032341654117597007,-0.06853994430411303,0.06853994430411303
5,3,74003,zne_only,0.7307454427083333,0.9494438412032814,9216,0,9216,,-0.03227539062500005,-0.2186983984949481,0.2186983984949481,0.04782898950425512,-0.2692545572916667,0.2692545572916667
5,3,74003,readout_mitigation_plus_zne,0.9868047941356473,0.9494438412032814,9216,1024,10240,-0.013719702744842145,-0.045017502703885874,0.037360952932365854,0.037360952932365854,0.0013958408040144568,-0.013195205864352744,0.013195205864352744
5,4,74004,unmitigated,0.69375,0.9494438412032814,3072,0,3072,,,-0.2556938412032814,0.2556938412032814,0.0653793404292889,-0.30625,0.30625
5,4,74004,readout_mitigation,0.9579231837260949,0.9494438412032814,3072,1024,4096,-0.0127199043033959,,0.00847934252281346,0.00847934252281346,7.189924961919253e-05,-0.04207681627390514,0.04207681627390514
5,4,74004,zne_only,0.7273925781249996,0.9494438412032814,9216,0,9216,,-0.03198242187500001,-0.22205126307828182,0.22205126307828182,0.049306763434660325,-0.2726074218750004,0.2726074218750004
5,4,74004,readout_mitigation_plus_zne,1.0057064359346075,0.9494438412032814,9216,1024,10240,-0.0127199043033959,-0.045612982322623445,0.05626259473132611,0.05626259473132611,0.0031654795659014448,0.005706435934607512,0.005706435934607512
5,5,74005,unmitigated,0.691796875,0.9494438412032814,3072,0,3072,,,-0.2576469662032814,0.2576469662032814,0.06638195919375484,-0.308203125,0.308203125
5,5,74005,readout_mitigation,0.9354838351957229,0.9494438412032814,3072,1024,4096,-0.011738430250723107,,-0.013960006007558534,0.013960006007558534,0.00019488176773107036,-0.06451616480427713,0.06451616480427713
5,5,74005,zne_only,0.7065592447916661,0.9494438412032814,9216,0,9216,,-0.02182617187499995,-0.2428845964116153,0.2428845964116153,0.058992927174033254,-0.2934407552083339,0.2934407552083339
5,5,74005,readout_mitigation_plus_zne,0.9590388363258262,0.9494438412032814,9216,1024,10240,-0.011738430250723107,-0.03258587360406298,0.009594995122544803,0.009594995122544803,9.206393140165855e-05,-0.040961163674173795,0.040961163674173795
5,6,74006,unmitigated,0.707421875,0.9494438412032814,3072,0,3072,,,-0.24202196620328142,0.24202196620328142,0.0585746321249023,-0.292578125,0.292578125
5,6,74006,readout_mitigation,0.9416731484735414,0.9494438412032814,3072,1024,4096,-0.007907587834456367,,-0.007770692729739959,0.007770692729739959,6.038366550003345e-05,-0.058326851526458556,0.058326851526458556
5,6,74006,zne_only,0.7418294270833329,0.9494438412032814,9216,0,9216,,-0.03564453125000001,-0.20761441411994852,0.20761441411994852,0.04310374495036948,-0.2581705729166671,0.2581705729166671
5,6,74006,readout_mitigation_plus_zne,0.9898771233419775,0.9494438412032814,9216,1024,10240,-0.008276446422894627,-0.050133823149961905,0.040433282138696125,0.040433282138696125,0.001634850304507403,-0.010122876658022473,0.010122876658022473
5,7,74007,unmitigated,0.719140625,0.9494438412032814,3072,0,3072,,,-0.23030321620328142,0.23030321620328142,0.05303957139357539,-0.280859375,0.280859375
5,7,74007,readout_mitigation,0.976914056411583,0.9494438412032814,3072,1024,4096,-0.012116746936689439,,0.027470215208301618,0.027470215208301618,0.0007546127235904055,-0.02308594358841698,0.02308594358841698
5,7,74007,zne_only,0.7509277343749997,0.9494438412032814,9216,0,9216,,-0.035009765625000036,-0.1985161068282817,0.1985161068282817,0.03940864467025775,-0.2490722656250003,0.2490722656250003
5,7,74007,readout_mitigation_plus_zne,1.0214235252154638,0.9494438412032814,9216,1024,10240,-0.012116746936689439,-0.0485435413436651,0.07197968401218235,0.07197968401218235,0.00518107491049362,0.021423525215463757,0.021423525215463757
5,8,74008,unmitigated,0.71640625,0.9494438412032814,3072,0,3072,,,-0.23303759120328138,0.23303759120328138,0.054306518913827685,-0.28359375,0.28359375
5,8,74008,readout_mitigation,0.9706784880504599,0.9494438412032814,3072,1024,4096,-0.013894704947512533,,0.021234646847178462,0.021234646847178462,0.0004509102267243862,-0.029321511949540136,0.029321511949540136
5,8,74008,zne_only,0.7408691406249998,0.9494438412032814,9216,0,9216,,-0.032958984375000035,-0.20857470057828165,0.20857470057828165,0.04350340572131984,-0.25913085937500024,0.25913085937500024
5,8,74008,readout_mitigation_plus_zne,1.0046732347422331,0.9494438412032814,9216,1024,10240,-0.013894704947512533,-0.046328697068153804,0.05522939353895173,0.05522939353895173,0.0030502859106804033,0.004673234742233134,0.004673234742233134
5,9,74009,unmitigated,0.6787109375,0.9494438412032814,3072,0,3072,,,-0.2707329037032814,0.2707329037032814,0.07329630514761024,-0.3212890625,0.3212890625
5,9,74009,readout_mitigation,0.9424338665574694,0.9494438412032814,3072,1024,4096,-0.012243422049161472,,-0.007009974645811989,0.007009974645811989,4.913974453492693e-05,-0.05756613344253059,0.05756613344253059
5,9,74009,zne_only,0.7060058593749996,0.9494438412032814,9216,0,9216,,-0.02524414062500001,-0.2434379818282818,0.2434379818282818,0.05926205099662686,-0.2939941406250004,0.2939941406250004
5,9,74009,readout_mitigation_plus_zne,0.9834765494914939,0.9494438412032814,9216,1024,10240,-0.02233362739133951,-0.03659865700248802,0.034032708288212477,0.034032708288212477,0.0011582252334305662,-0.01652345050850612,0.01652345050850612
5,10,74010,unmitigated,0.705859375,0.9494438412032814,3072,0,3072,,,-0.24358446620328145,0.24358446620328145,0.05933339217553756,-0.29414062500000004,0.29414062500000004
5,10,74010,readout_mitigation,0.9795135409744082,0.9494438412032814,3072,1024,4096,-0.02191181434429515,,0.030069699771126834,0.030069699771126834,0.0009041868443257052,-0.020486459025591763,0.020486459025591763
5,10,74010,zne_only,0.7317545572916664,0.9494438412032814,9216,0,9216,,-0.029248046875000013,-0.21768928391161502,0.21768928391161502,0.04738862432995173,-0.2682454427083336,0.2682454427083336
5,10,74010,readout_mitigation_plus_zne,1.0162516574824494,0.9494438412032814,9216,1024,10240,-0.02191181434429515,-0.04110516059840622,0.06680781627916799,0.06680781627916799,0.004463284315991063,0.01625165748244939,0.01625165748244939
5,11,74011,unmitigated,0.711328125,0.9494438412032814,3072,0,3072,,,-0.23811571620328142,0.23811571620328142,0.05669909430300166,-0.288671875,0.288671875
5,11,74011,readout_mitigation,0.942673285619458,0.9494438412032814,3072,1024,4096,-0.00961610879755531,,-0.0067705555838234455,0.0067705555838234455,4.5840422913642835e-05,-0.05732671438054204,0.05732671438054204
5,11,74011,zne_only,0.7487955729166664,0.9494438412032814,9216,0,9216,,-0.034277343750000015,-0.20064826828661497,0.20064826828661497,0.04025972756641742,-0.25120442708333357,0.25120442708333357
5,11,74011,readout_mitigation_plus_zne,0.9940212942788642,0.9494438412032814,9216,1024,10240,-0.01631298045252301,-0.047342360701016675,0.04457745307558281,0.04457745307558281,0.001987149322705787,-0.005978705721135791,0.005978705721135791
5,12,74012,unmitigated,0.70234375,0.9494438412032814,3072,0,3072,,,-0.24710009120328136,0.24710009120328136,0.061058455072669965,-0.29765624999999996,0.29765624999999996
5,12,74012,readout_mitigation,0.9599141573885407,0.9494438412032814,3072,1024,4096,-0.011523639906849544,,0.010470316185259287,0.010470316185259287,0.0001096275210193026,-0.04008584261145931,0.04008584261145931
5,12,74012,zne_only,0.7382161458333332,0.9494438412032814,9216,0,9216,,-0.033984375000000046,-0.21122769536994823,0.21122769536994823,0.04461713929129965,-0.26178385416666683,0.26178385416666683
5,12,74012,readout_mitigation_plus_zne,1.0107126910700917,0.9494438412032814,9216,1024,10240,-0.01366305957372634,-0.04809312488064289,0.06126884986681025,0.06126884986681025,0.003753871964001734,0.010712691070091651,0.010712691070091651
5,13,74013,unmitigated,0.6861328125,0.9494438412032814,3072,0,3072,,,-0.2633110287032814,0.2633110287032814,0.06933269783678027,-0.3138671875,0.3138671875
5,13,74013,readout_mitigation,0.8960098916020323,0.9494438412032814,3072,1024,4096,-0.008416261310907886,,-0.05343394960124914,0.05343394960124914,0.002855186969988833,-0.10399010839796774,0.10399010839796774
5,13,74013,zne_only,0.7106770833333329,0.9494438412032814,9216,0,9216,,-0.027929687499999984,-0.2387667578699485,0.2387667578699485,0.057009564663726614,-0.2893229166666671,0.2893229166666671
5,13,74013,readout_mitigation_plus_zne,0.9276449847311841,0.9494438412032814,9216,1024,10240,-0.008416261310907886,-0.03713941261259519,-0.02179885647209734,0.02179885647209734,0.00047519014349110003,-0.07235501526881594,0.07235501526881594
5,14,74014,unmitigated,0.6939453125,0.9494438412032814,3072,0,3072,,,-0.2554985287032814,0.2554985287032814,0.0652794981695415,-0.3060546875,0.3060546875
5,14,74014,readout_mitigation,0.973602349467775,0.9494438412032814,3072,1024,4096,-0.012775131397426427,,0.024158508264493617,0.024158508264493617,0.0005836335215656064,-0.02639765053222498,0.02639765053222498
5,14,74014,zne_only,0.7320475260416661,0.9494438412032814,9216,0,9216,,-0.03227539062500001,-0.21739631516161528,0.21739631516161528,0.04726115784584836,-0.2679524739583339,0.2679524739583339
5,14,74014,readout_mitigation_plus_zne,1.0287496326730463,0.9494438412032814,9216,1024,10240,-0.012775131397426427,-0.04687433740982122,0.07930579146976491,0.07930579146976491,0.006289408560645837,0.02874963267304631,0.02874963267304631
5,15,74015,unmitigated,0.692578125,0.9494438412032814,3072,0,3072,,,-0.25686571620328136,0.25686571620328136,0.06597999616062468,-0.30742187499999996,0.30742187499999996
5,15,74015,readout_mitigation,0.9437847738102935,0.9494438412032814,3072,1024,4096,-0.011810714877284098,,-0.005659067392987938,0.005659067392987938,3.202504375837929e-05,-0.056215226189706535,0.056215226189706535
5,15,74015,zne_only,0.7294433593749996,0.9494438412032814,9216,0,9216,,-0.032275390625,-0.2200004818282818,0.2200004818282818,0.04840021200467615,-0.2705566406250004,0.2705566406250004
5,15,74015,readout_mitigation_plus_zne,0.9964256036706306,0.9494438412032814,9216,1024,10240,-0.011810714877284098,-0.045612442606535054,0.0469817624673492,0.0469817624673492,0.002207286004538422,-0.0035743963293694003,0.0035743963293694003
5,16,74016,unmitigated,0.6892578125,0.9494438412032814,3072,0,3072,,,-0.26018602870328145,0.26018602870328145,0.06769676953238479,-0.31074218750000004,0.31074218750000004
5,16,74016,readout_mitigation,0.9416914053891041,0.9494438412032814,3072,1024,4096,-0.01301384799109324,,-0.007752435814177283,0.007752435814177283,6.0100261052938595e-05,-0.05830859461089588,0.05830859461089588
5,16,74016,zne_only,0.7199707031249999,0.9494438412032814,9216,0,9216,,-0.032568359375000064,-0.2294731380782815,0.2294731380782815,0.052657921099494055,-0.2800292968750001,0.2800292968750001
5,16,74016,readout_mitigation_plus_zne,0.9829660103835088,0.9494438412032814,9216,1024,10240,-0.01301384799109324,-0.04479569258196475,0.033522169180227435,0.033522169180227435,0.0011237358265477901,-0.017033989616491163,0.017033989616491163
5,17,74017,unmitigated,0.702734375,0.9494438412032814,3072,0,3072,,,-0.24670946620328138,0.24670946620328138,0.060865560714308035,-0.297265625,0.297265625
5,17,74017,readout_mitigation,0.9406811211310184,0.9494438412032814,3072,1024,4096,-0.010922138279919901,,-0.008762720072262975,0.008762720072262975,7.678526306484044e-05,-0.05931887886898157,0.05931887886898157
5,17,74017,zne_only,0.7315429687499997,0.9494438412032814,9216,0,9216,,-0.03173828125,-0.2179008724532817,0.2179008724532817,0.04748079021590135,-0.2684570312500003,0.2684570312500003
5,17,74017,readout_mitigation_plus_zne,0.980174128968672,0.9494438412032814,9216,1024,10240,-0.010922138279919901,-0.044010651790349846,0.03073028776539055,0.03073028776539055,0.0009443505861437122,-0.019825871031328046,0.019825871031328046
5,18,74018,unmitigated,0.7056640625,0.9494438412032814,3072,0,3072,,,-0.24377977870328138,0.24377977870328138,0.05942858050462084,-0.2943359375,0.2943359375
5,18,74018,readout_mitigation,0.9770804844293963,0.9494438412032814,3072,1024,4096,-0.0169175891245464,,0.02763664322611492,0.02763664322611492,0.0007637840488075638,-0.022919515570603677,0.022919515570603677
5,18,74018,zne_only,0.7424153645833331,0.9494438412032814,9216,0,9216,,-0.03994140625000002,-0.20702847661994828,0.20702847661994828,0.04286079013157647,-0.2575846354166669,0.2575846354166669
5,18,74018,readout_mitigation_plus_zne,1.0300528952101522,0.9494438412032814,9216,1024,10240,-0.0169175891245464,-0.056693692483026595,0.0806090540068708,0.0806090540068708,0.0064978195878826125,0.030052895210152197,0.030052895210152197
5,19,74019,unmitigated,0.68984375,0.9494438412032814,3072,0,3072,,,-0.2596000912032814,0.2596000912032814,0.06739220735275203,-0.31015625,0.31015625
5,19,74019,readout_mitigation,0.946048749793137,0.9494438412032814,3072,1024,4096,-0.009841545798927352,,-0.0033950914101443797,0.0033950914101443797,1.1526645683236152e-05,-0.05395125020686298,0.05395125020686298
5,19,74019,zne_only,0.7162597656249996,0.9494438412032814,9216,0,9216,,-0.028662109375000012,-0.2331840755782818,0.2331840755782818,0.05437481310329784,-0.2837402343750004,0.2837402343750004
5,19,74019,readout_mitigation_plus_zne,0.986033069624648,0.9494438412032814,9216,1024,10240,-0.009841545798927352,-0.04182328394913846,0.03658922842136658,0.03658922842136658,0.00133877163647094,-0.013966930375352016,0.013966930375352016
