width,method,repeats,mean_fidelity,estimate_std,bias,mae,rmse,mean_total_shots,reference
2,readout_mitigation,20,0.9904594350272363,0.01731005611649917,0.0026944350272363913,0.013671362383052383,0.017085552982989204,2560.0,prepared
2,readout_mitigation_plus_zne,20,1.0019906558602354,0.019571281356645393,0.014225655860235359,0.020039419478894954,0.023796062403216526,5632.0,prepared
2,unmitigated,20,0.87490234375,0.008495177988683702,-0.11286265625,0.11286265625,0.11316597908564266,1536.0,prepared
2,zne_only,20,0.8846069335937494,0.011597223712327874,-0.10315806640625054,0.10315806640625054,0.10377551485113665,4608.0,prepared
3,readout_mitigation,20,0.9667509815443275,0.021195590136506248,-0.008072543455672543,0.01802875925476345,0.022180088976754456,3072.0,prepared
3,readout_mitigation_plus_zne,20,0.9936964434980652,0.022928178806281,0.018872918498065237,0.02506127589654299,0.029250698570098568,7168.0,prepared
3,unmitigated,20,0.807421875,0.008973617184754314,-0.16740165000000004,0.16740165000000004,0.16762998519904518,2048.0,prepared
3,zne_only,20,0.8289265950520829,0.011432662873350785,-0.14589692994791717,0.14589692994791717,0.14632185298028574,6144.0,prepared
4,readout_mitigation,20,0.9632612219126919,0.022153864238678163,0.0012129638501918894,0.016583858948628055,0.021626957644855265,3584.0,prepared
4,readout_mitigation_plus_zne,20,0.9957307793632353,0.0232059689839368,0.033682521300735194,0.03500807054976684,0.04057219969183018,8704.0,prepared
4,unmitigated,20,0.75302734375,0.011923201103106799,-0.20902091431250006,0.20902091431250006,0.2093437298042417,2560.0,prepared
4,zne_only,20,0.7776346842447912,0.015370857955074308,-0.18441357381770876,0.18441357381770876,0.18502112397988735,7680.0,prepared
5,readout_mitigation,20,0.9492352424566851,0.020280628815715747,-0.00020859874659633903,0.01591009524629548,0.019768212446750966,4096.0,prepared
5,readout_mitigation_plus_zne,20,0.9922403272954756,0.024782001056479964,0.04279648609219432,0.04497637173940407,0.04914244010409523,10240.0,prepared
5,unmitigated,20,0.6987890625000001,0.010316416408938475,-0.2506547787032814,0.2506547787032814,0.2508563834386868,3072.0,prepared
5,zne_only,20,0.7292203776041664,0.01278469192756879,-0.22022346359911507,0.22022346359911507,0.22057572361864636,9216.0,prepared
2,readout_mitigation,20,0.9904594350272363,0.01731005611649917,-0.009540564972763604,0.01529090401937842,0.0193824281404074,2560.0,ideal
2,readout_mitigation_plus_zne,20,1.0019906558602354,0.019571281356645393,0.001990655860235363,0.015654997564978172,0.0191793120835398,5632.0,ideal
2,unmitigated,20,0.87490234375,0.008495177988683702,-0.12509765625,0.12509765625,0.12537138128715664,1536.0,ideal
2,zne_only,20,0.8846069335937494,0.011597223712327874,-0.11539306640625054,0.11539306640625054,0.11594537762489471,4608.0,ideal
3,readout_mitigation,20,0.9667509815443275,0.021195590136506248,-0.03324901845567252,0.03342045013795118,0.03914444555027794,3072.0,ideal
3,readout_mitigation_plus_zne,20,0.9936964434980652,0.022928178806281,-0.006303556501934737,0.018856527688368464,0.023219628308335107,7168.0,ideal
3,unmitigated,20,0.807421875,0.008973617184754314,-0.192578125,0.192578125,0.19277664211108467,2048.0,ideal
3,zne_only,20,0.8289265950520829,0.011432662873350785,-0.17107340494791715,0.17107340494791715,0.17143593664057413,6144.0,ideal
4,readout_mitigation,20,0.9632612219126919,0.022153864238678163,-0.03673877808730806,0.03918768937895821,0.042614455657898044,3584.0,ideal
4,readout_mitigation_plus_zne,20,0.9957307793632353,0.0232059689839368,-0.0042692206367647536,0.017990703156356286,0.02301776252168405,8704.0,ideal
4,unmitigated,20,0.75302734375,0.011923201103106799,-0.24697265625,0.24697265625,0.2472459251908887,2560.0,ideal
4,zne_only,20,0.7776346842447912,0.015370857955074308,-0.2223653157552087,0.2223653157552087,0.22286943209304183,7680.0,ideal
5,readout_mitigation,20,0.9492352424566851,0.020280628815715747,-0.05076475754331493,0.05076475754331493,0.05447751204244142,4096.0,ideal
5,readout_mitigation_plus_zne,20,0.9922403272954756,0.024782001056479964,-0.007759672704524273,0.01968792375398685,0.02537031174476466,10240.0,ideal
5,unmitigated,20,0.6987890625000001,0.010316416408938475,-0.3012109375,0.3012109375,0.301378725020157,3072.0,ideal
5,zne_only,20,0.7292203776041664,0.01278469192756879,-0.27077962239583364,0.27077962239583364,0.27106619087434897,9216.0,ideal
