reference,width,baseline_method,method,repeats,mean_fidelity_gain,fidelity_gain_std,mean_signed_error_change,mean_mae_change,mean_squared_error_change,improved_mae_fraction,mean_additional_shots,signed_sqrt_mean_squared_error_change
ideal,2,unmitigated,readout_mitigation,20,0.11555709127723639,0.013679981122788254,0.11555709127723639,-0.10980675223062157,-0.015342304725231553,1.0,1024.0,-0.1238640574389179
ideal,2,unmitigated,readout_mitigation_plus_zne,20,0.12708831211023536,0.015330547011437276,0.12708831211023536,-0.10944265868502183,-0.015350137233851794,1.0,4096.0,-0.12389567076315376
ideal,2,unmitigated,zne_only,20,0.009704589843749478,0.005835045763937527,0.009704589843749478,-0.009704589843749478,-0.002274652653270176,0.95,3072.0,-0.047693318748753225
ideal,3,unmitigated,readout_mitigation,20,0.1593291065443275,0.018565236850114002,0.1593291065443275,-0.15915767486204882,-0.035630546126186546,1.0,1024.0,-0.18876055235717695
ideal,3,unmitigated,readout_mitigation_plus_zne,20,0.18627456849806528,0.020292214730620962,0.18627456849806528,-0.17372159731163156,-0.03662368260484798,1.0,5120.0,-0.1913731501670179
ideal,3,unmitigated,zne_only,20,0.021504720052082878,0.006707082796716858,0.021504720052082878,-0.021504720052082878,-0.007772553371794273,1.0,4096.0,-0.08816208579539321
ideal,4,unmitigated,readout_mitigation,20,0.21023387816269193,0.018293630865153995,0.21023387816269193,-0.20778496687104178,-0.05931455569247958,1.0,1024.0,-0.24354579793640369
ideal,4,unmitigated,readout_mitigation_plus_zne,20,0.24270343561323524,0.0178200828528971,0.24270343561323524,-0.22898195309364372,-0.06060073013199389,1.0,6144.0,-0.2461721554765971
ideal,4,unmitigated,zne_only,20,0.02460734049479129,0.00629243325921341,0.02460734049479129,-0.02460734049479129,-0.011459763762023546,1.0,5120.0,-0.10705028613704658
ideal,5,unmitigated,readout_mitigation,20,0.25044617995668506,0.017104931776999593,0.25044617995668506,-0.25044617995668506,-0.08786133657644105,1.0,1024.0,-0.2964141301902476
ideal,5,unmitigated,readout_mitigation_plus_zne,20,0.29345126479547573,0.02190099950568508,0.29345126479547573,-0.28152301374601313,-0.09018548317674885,1.0,7168.0,-0.30030897951401464
ideal,5,unmitigated,zne_only,20,0.03043131510416634,0.006267158423576902,0.03043131510416634,-0.03043131510416634,-0.01735225605964643,1.0,6144.0,-0.1317279623301235
prepared,2,unmitigated,readout_mitigation,20,0.11555709127723639,0.013679981122788254,0.11555709127723639,-0.09919129386694762,-0.01251462270167758,1.0,1024.0,-0.1118687744711525
prepared,2,unmitigated,readout_mitigation_plus_zne,20,0.12708831211023536,0.015330547011437276,0.12708831211023536,-0.09282323677110504,-0.012240286236514335,1.0,4096.0,-0.1106358270928289
prepared,2,unmitigated,zne_only,20,0.009704589843749478,0.005835045763937527,0.009704589843749478,-0.009704589843749478,-0.0020371813397936267,0.95,3072.0,-0.04513514528384313
prepared,3,unmitigated,readout_mitigation,20,0.1593291065443275,0.018565236850114002,0.1593291065443275,-0.14937289074523658,-0.027607855590815363,1.0,1024.0,-0.16615611812634334
prepared,3,unmitigated,readout_mitigation_plus_zne,20,0.18627456849806528,0.020292214730620962,0.18627456849806528,-0.14234037410345707,-0.02724420857099334,1.0,5120.0,-0.1650581975273974
prepared,3,unmitigated,zne_only,20,0.021504720052082878,0.006707082796716858,0.021504720052082878,-0.021504720052082878,-0.006689727278247748,1.0,4096.0,-0.08179075301186405
prepared,4,unmitigated,readout_mitigation,20,0.21023387816269193,0.018293630865153995,0.21023387816269193,-0.19243705536387198,-0.043357071911379,1.0,1024.0,-0.20822361036006218
prepared,4,unmitigated,readout_mitigation_plus_zne,20,0.24270343561323524,0.0178200828528971,0.24270343561323524,-0.1740128437627332,-0.042178693820517615,1.0,6144.0,-0.20537452086497393
prepared,4,unmitigated,zne_only,20,0.02460734049479129,0.00629243325921341,0.02460734049479129,-0.02460734049479129,-0.009591980889570525,1.0,5120.0,-0.09793865881035192
prepared,5,unmitigated,readout_mitigation,20,0.25044617995668506,0.017104931776999593,0.25044617995668506,-0.2347446834569859,-0.06253814288859758,1.0,1024.0,-0.25007627414170575
prepared,5,unmitigated,readout_mitigation_plus_zne,20,0.29345126479547573,0.02190099950568508,0.29345126479547573,-0.20567840696387735,-0.060513945692552876,1.0,7168.0,-0.24599582454292365
prepared,5,unmitigated,zne_only,20,0.03043131510416634,0.006267158423576902,0.03043131510416634,-0.03043131510416634,-0.014275275262047998,1.0,6144.0,-0.11947918338375099
