width,repeat_id,seed,readout_mitigation,readout_mitigation_plus_zne,unmitigated,zne_only,combined_minus_raw_error,combined_beats_raw
2,0,71000,0.025563804347826125,0.037847167874395904,0.09323375,0.08297984375000045,-0.0553865821256041,True
2,1,71001,0.018159558018300714,0.029699551663157964,0.1098353125,0.09982554687500045,-0.08013576083684204,True
2,2,71002,0.010487456007772789,0.02364239141386837,0.1039759375,0.09364065104166686,-0.08033354608613164,True
2,3,71003,0.007003146215263767,0.007267430973728173,0.1137415625,0.1141484635416673,-0.10647413152627183,True
2,4,71004,0.015847112014906628,0.014972182188459748,0.122530625,0.12147268229166708,-0.10755844281154026,True
2,5,71005,0.024969943318193355,0.04954513748876743,0.1078821875,0.08713023437500034,-0.05833705001123257,True
2,6,71006,0.0003535693287604058,0.007494222966228814,0.1176478125,0.11195119791666697,-0.11015358953377119,True
2,7,71007,0.0045589917976760486,0.010817440950861568,0.1156946875,0.11089325520833382,-0.10487724654913844,True
2,8,71008,0.01117875827628767,0.0055742619608728505,0.1205775,0.11610158854166752,-0.11500323803912715,True
2,9,71009,0.009110347698698229,0.015545864270790855,0.1235071875,0.11846161458333426,-0.10796132322920915,True
2,10,71010,0.008388372020290191,0.028842083883122926,0.114718125,0.09811656250000056,-0.08587604111687708,True
2,11,71011,0.025410859250498685,0.041366411558956484,0.1000696875,0.08656057291666719,-0.05870327594104352,True
2,12,71012,0.0020625089605734725,0.019957894265232312,0.1078821875,0.09274546875000056,-0.08792429323476769,True
2,13,71013,0.010018337822968348,0.020662387382450964,0.1117884375,0.10275523437500045,-0.09112605011754904,True
2,14,71014,0.00997076353353088,0.011165185235059605,0.1196009375,0.10137177083333415,-0.1084357522649404,True
2,15,71015,0.0022610151302300263,0.012251480493914224,0.1215540625,0.10845184895833404,-0.10930258200608578,True
2,16,71016,0.021180540129095093,0.00613629779448055,0.1078821875,0.09461721354166741,-0.10174588970551945,True
2,17,71017,0.024574225531329486,0.03168116395747789,0.102999375,0.0974655208333336,-0.07131821104252212,True
2,18,71018,0.002204122831848676,0.0021323699870178237,0.122530625,0.11870575520833371,-0.12039825501298218,True
2,19,71019,0.04012381542699728,0.024187463269054743,0.1196009375,0.10576630208333382,-0.09541347423094526,True
3,0,72000,0.05419684084339049,0.03288491241355207,0.17729748333333328,0.15844440173611152,-0.1444125709197812,True
3,1,72001,0.012885647016244506,0.032983503840782746,0.16492769166666676,0.14957395902777848,-0.13194418782588402,True
3,2,72002,0.004745067262540759,0.04187550331659462,0.17078706666666676,0.14178858576388953,-0.12891156335007214,True
3,3,72003,0.020332709845329422,0.00735340777171456,0.16720633750000002,0.1449624138888893,-0.15985292972828546,True
3,4,72004,0.025292754043182986,0.0517341254639504,0.15744071250000002,0.13652599895833406,-0.10570658703604963,True
3,5,72005,0.004339817005665103,0.02988255325011313,0.16850842083333328,0.14867877673611185,-0.13862586758322015,True
3,6,72006,0.016959489399086203,0.019124969909557143,0.17632092083333328,0.14664427152777815,-0.15719595092377614,True
3,7,72007,0.016025863030551757,0.03572524351525963,0.16818290000000002,0.1536429694444449,-0.1324576564847404,True
3,8,72008,0.007363017722087251,0.015232372929020577,0.15874279583333328,0.14059500937500036,-0.1435104229043127,True
3,9,72009,0.026774512779603632,0.047695009816960954,0.16427665000000002,0.1484617628472228,-0.11658164018303907,True
3,10,72010,0.011675367285538418,0.024358222710249122,0.16004487916666676,0.13234848159722268,-0.13568665645641764,True
3,11,72011,0.028375287865348375,0.007532143223688226,0.16590425416666676,0.14892291736111152,-0.15837211094297854,True
3,12,72012,0.002659362114625252,0.011277298158920313,0.17078706666666676,0.15966510486111152,-0.15950976850774645,True
3,13,72013,0.022938924108222958,0.006852667214058306,0.18576102500000002,0.16237777847222268,-0.17890835778594172,True
3,14,72014,0.0033231685710805037,0.03935995465686626,0.15223237916666676,0.12217595555555594,-0.1128724245098005,True
3,15,72015,0.008825033647640645,0.01404710164771139,0.14995373333333328,0.13188732708333373,-0.1359066316856219,True
3,16,72016,0.018886840749664957,0.009443820315286788,0.17859956666666676,0.15586736180555605,-0.16915574635137998,True
3,17,72017,0.034907968844049564,0.02146651834753721,0.17599540000000002,0.16473780451388942,-0.1545288816524628,True
3,18,72018,0.006175328282039927,0.047685618003809105,0.16525321250000002,0.13278250937500036,-0.11756759449619092,True
3,19,72019,0.0338921846793766,0.004710571425226684,0.16981050416666676,0.13785520902777837,-0.16509993274144008,True
4,0,73000,0.012869754055747307,0.04435221162917424,0.20863028931249994,0.18429760702083353,-0.1642780776833257,True
4,1,73001,0.004995555279044495,0.016809475138398144,0.20277091431249994,0.18478588827083342,-0.1859614391741018,True
4,2,73002,0.017663871900007844,0.02024901763757625,0.21351310181249994,0.1847451981666669,-0.1932640841749237,True
4,3,73003,0.016579925898008274,0.03055872104071311,0.20325919556249994,0.16606844035416712,-0.17270047452178683,True
4,4,73004,0.0006379803554993346,0.04851867140552135,0.19007560181249994,0.15292553670833364,-0.1415569304069786,True
4,5,73005,0.00803750769989453,0.029221869701039904,0.21009513306249994,0.18181551066666668,-0.18087326336146003,True
4,6,73006,0.013566212600443772,0.02310294416113645,0.22962638306249994,0.20240470337500016,-0.2065234389013635,True
4,7,73007,0.011327043638205914,0.01987274781473436,0.22962638306249994,0.20667716431250072,-0.20975363524776558,True
4,8,73008,0.0036403482651399255,0.03428704236409075,0.19935294556249994,0.1753864742083341,-0.1650659031984092,True
4,9,73009,0.010781764755333323,0.02946390797726195,0.20325919556249994,0.1724974768125005,-0.173795287585238,True
4,10,73010,0.03343389491043669,0.013255492490316434,0.21839591431249994,0.2023233231666669,-0.2051404218221835,True
4,11,73011,0.023256168949509992,0.05998971463236191,0.20179435181249994,0.1741657710833333,-0.14180463718013803,True
4,12,73012,0.00048491323702049005,0.03338810614656185,0.22034903931249994,0.19638256795833364,-0.1869609331659381,True
4,13,73013,0.019458195882105178,0.0045565437294905475,0.22669669556249994,0.20850821900000016,-0.2221401518330094,True
4,14,73014,0.01723992350149406,0.03354505616437076,0.21351310181249994,0.20175366170833375,-0.17996804564812918,True
4,15,73015,0.044658214581102196,0.0726273718456919,0.20570060181249994,0.18588452108333364,-0.13307322996680804,True
4,16,73016,0.017380065183859705,0.013049564501292465,0.20814200806249994,0.1843382971250005,-0.19509244356120747,True
4,17,73017,0.0181523166723232,0.04973217522651907,0.20521232056249994,0.18185620077083364,-0.15548014533598087,True
4,18,73018,0.05573438221039961,0.08970513208164699,0.18372794556249994,0.15894767212500027,-0.09402281348085295,True
4,19,73019,0.001779139396984819,0.03387564530744003,0.20667716431249994,0.18250724243750038,-0.1728015190050599,True
5,0,74000,0.014359364865385138,0.021066799775240397,0.24944384120328145,0.2233858984949484,-0.22837704142804105,True
5,1,74001,0.014329296298382865,0.01910715828063314,0.24807665370328136,0.22358121099494843,-0.22896949542264822,True
5,2,74002,0.007495592971702991,0.05226859696330044,0.25335009120328145,0.2224093359949485,-0.201081494239981,True
5,3,74003,0.017983785507394434,0.037360952932365854,0.2580375912032814,0.2186983984949481,-0.22067663827091555,True
5,4,74004,0.00847934252281346,0.05626259473132611,0.2556938412032814,0.22205126307828182,-0.19943124647195531,True
5,5,74005,0.013960006007558534,0.009594995122544803,0.2576469662032814,0.2428845964116153,-0.24805197108073662,True
5,6,74006,0.007770692729739959,0.040433282138696125,0.24202196620328142,0.20761441411994852,-0.2015886840645853,True
5,7,74007,0.027470215208301618,0.07197968401218235,0.23030321620328142,0.1985161068282817,-0.15832353219109907,True
5,8,74008,0.021234646847178462,0.05522939353895173,0.23303759120328138,0.20857470057828165,-0.17780819766432965,True
5,9,74009,0.007009974645811989,0.034032708288212477,0.2707329037032814,0.2434379818282818,-0.23670019541506893,True
5,10,74010,0.030069699771126834,0.06680781627916799,0.24358446620328145,0.21768928391161502,-0.17677664992411346,True
5,11,74011,0.0067705555838234455,0.04457745307558281,0.23811571620328142,0.20064826828661497,-0.19353826312769862,True
5,12,74012,0.010470316185259287,0.06126884986681025,0.24710009120328136,0.21122769536994823,-0.1858312413364711,True
5,13,74013,0.05343394960124914,0.02179885647209734,0.2633110287032814,0.2387667578699485,-0.24151217223118404,True
5,14,74014,0.024158508264493617,0.07930579146976491,0.2554985287032814,0.21739631516161528,-0.17619273723351647,True
5,15,74015,0.005659067392987938,0.0469817624673492,0.25686571620328136,0.2200004818282818,-0.20988395373593216,True
5,16,74016,0.007752435814177283,0.033522169180227435,0.26018602870328145,0.2294731380782815,-0.226663859523054,True
5,17,74017,0.008762720072262975,0.03073028776539055,0.24670946620328138,0.2179008724532817,-0.21597917843789083,True
5,18,74018,0.02763664322611492,0.0806090540068708,0.24377977870328138,0.20702847661994828,-0.16317072469641059,True
5,19,74019,0.0033950914101443797,0.03658922842136658,0.2596000912032814,0.2331840755782818,-0.22301086278191484,True
