width,repeat_id,seed,noise_scale,ideal_overlap,raw_population,raw_coherence,raw_fidelity_estimate,corrected_population,corrected_coherence,corrected_fidelity_estimate,minimum_quasi_probability,target_shots,global_condition_number
2,0,71000,1,0.9999999999999996,0.919921875,0.869140625,0.89453125,0.9977083333333334,1.0289492753623188,1.0133288043478261,-0.03652173913043479,1536,1.2005777329330816
2,0,71000,3,0.9999999999999993,0.890625,0.798828125,0.8447265625,0.964375,0.9478713768115943,0.9561231884057971,0.00041666666666666393,1536,1.2005777329330816
2,0,71000,5,0.9999999999999991,0.890625,0.76953125,0.830078125,0.9634782608695652,0.9126902173913043,0.9380842391304347,-0.001942934782608697,1536,1.2005777329330816
2,1,71001,1,0.9999999999999996,0.931640625,0.82421875,0.8779296875,1.0201522470952855,0.9916968689413161,1.0059245580183007,-0.016380608527863612,1536,1.2190889287611326
2,1,71001,3,0.9999999999999993,0.890625,0.810546875,0.8505859375,0.9675289089879207,0.978576724523019,0.9730528167554698,0.0003499933224958193,1536,1.2190889287611326
2,1,71001,5,0.9999999999999991,0.89453125,0.76953125,0.83203125,0.9748695584097409,0.9289928021110123,0.9519311802603766,0.008183396500987816,1536,1.2190889287611326
2,2,71002,1,0.9999999999999996,0.908203125,0.859375,0.8837890625,0.9818813199467415,1.014623592068804,0.9982524560077728,-0.011195976825362547,1536,1.1882533067058454
2,2,71002,3,0.9999999999999993,0.8828125,0.8125,0.84765625,0.9521798193529813,0.9582838533232574,0.9552318363381194,0.0003778473496707367,1536,1.1882533067058454
2,2,71002,5,0.9999999999999991,0.884765625,0.775390625,0.830078125,0.9502950807873619,0.9142331498074776,0.9322641152974198,0.01060671488718558,1536,1.1882533067058454
2,3,71003,1,0.9999999999999996,0.9140625,0.833984375,0.8740234375,0.9847183192827513,0.976805388286721,0.9807618537847362,-0.008470493777599359,1536,1.180389734143894
2,3,71003,3,0.9999999999999993,0.91796875,0.771484375,0.8447265625,0.9888888888888889,0.903238324635354,0.9460636067621215,0.005093893572416249,1536,1.180389734143894
2,3,71003,5,0.9999999999999991,0.912109375,0.791015625,0.8515625,0.9819037423613899,0.9253713368125251,0.9536375395869575,-0.007230474151389445,1536,1.180389734143894
2,4,71004,1,0.9999999999999996,0.91796875,0.8125,0.865234375,0.9921749023542481,0.9516608736159387,0.9719178879850934,-0.019202171498190423,1536,1.1934948904561713
2,4,71004,3,0.9999999999999993,0.87890625,0.81640625,0.84765625,0.9444718171068189,0.9561489948758377,0.9503104059913283,-0.0033683305263912263,1536,1.1934948904561713
2,4,71004,5,0.9999999999999991,0.90625,0.791015625,0.8486328125,0.9768024151646539,0.9282617264485613,0.9525320708066076,0.0035967678360268015,1536,1.1934948904561713
2,5,71005,1,0.9999999999999996,0.923828125,0.8359375,0.8798828125,1.012808795834718,1.0126610908016689,1.0127349433181934,-0.016722979210516596,1536,1.2182431083684837
2,5,71005,3,0.9999999999999993,0.890625,0.8203125,0.85546875,0.972333000997009,0.9910776928473837,0.9817053469221964,-0.0052066024149772915,1536,1.2182431083684837
2,5,71005,5,0.9999999999999991,0.859375,0.76171875,0.810546875,0.9360898785126104,0.9217717218714228,0.9289308001920166,0.007828366751597066,1536,1.2182431083684837
2,6,71006,1,0.9999999999999996,0.92578125,0.814453125,0.8701171875,1.0057433719854103,0.9704937666721106,0.9881185693287604,-0.019366868092982742,1536,1.1948032581619132
2,6,71006,3,0.9999999999999993,0.880859375,0.830078125,0.85546875,0.9528598907579799,0.9871477307783041,0.970003810768142,-0.010534051935325823,1536,1.1948032581619132
2,6,71006,5,0.9999999999999991,0.88671875,0.802734375,0.8447265625,0.9583265283902227,0.9546518591104577,0.9564891937503401,0.0039786234053750015,1536,1.1948032581619132
2,7,71007,1,0.9999999999999996,0.904296875,0.83984375,0.8720703125,0.9819366598313967,1.0027113237639553,0.992323991797676,-0.013406242879927099,1536,1.1993088548304882
2,7,71007,3,0.9999999999999993,0.890625,0.796875,0.84375,0.9671405787195262,0.9537480063795853,0.9604442925495558,-0.003331054910002276,1536,1.1993088548304882
2,7,71007,5,0.9999999999999991,0.923828125,0.751953125,0.837890625,1.0057826384142174,0.8978172704488494,0.9517999544315334,-0.012950558213716113,1536,1.1993088548304882
2,8,71008,1,0.9999999999999996,0.90625,0.828125,0.8671875,0.9782156884749186,0.974956794972506,0.9765862417237123,-0.004847940747390865,1536,1.179992928313527
2,8,71008,3,0.9999999999999993,0.91015625,0.8046875,0.857421875,0.9833150039277299,0.9466502076085737,0.9649826057681518,4.937717427897868e-05,1536,1.179992928313527
2,8,71008,5,0.9999999999999991,0.880859375,0.81640625,0.8486328125,0.947435753563012,0.9602693300415217,0.9538525418022669,0.004331724834474246,1536,1.179992928313527
2,9,71009,1,0.9999999999999996,0.908203125,0.8203125,0.8642578125,0.99555872862812,0.9981919667692765,0.9968753476986982,-0.022623595297259207,1536,1.216531943699275
2,9,71009,3,0.9999999999999993,0.896484375,0.779296875,0.837890625,0.9820262952935503,0.9475345844305159,0.9647804398620331,0.0049280495493824895,1536,1.216531943699275
2,9,71009,5,0.9999999999999991,0.875,0.787109375,0.8310546875,0.9549011608500537,0.956607202462634,0.9557541816563438,-0.00360679449616141,1536,1.216531943699275
2,10,71010,1,0.9999999999999996,0.923828125,0.822265625,0.873046875,1.0075562840432284,0.9847504599973519,0.9961533720202902,-0.013286275870570675,1536,1.2024046686261551
2,10,71010,3,0.9999999999999993,0.908203125,0.791015625,0.849609375,0.9887911315249996,0.9470101313560677,0.9679006314405336,-0.002922067545417602,1536,1.2024046686261551
2,10,71010,5,0.9999999999999991,0.87890625,0.75,0.814453125,0.9522241956324222,0.8967003465389479,0.9244622710856851,0.011930253900275314,1536,1.2024046686261551
2,11,71011,1,0.9999999999999996,0.927734375,0.84765625,0.8876953125,1.0123744857282453,1.0139772327727523,1.0131758592504987,-0.021826583683030518,1536,1.2015275678192003
2,11,71011,3,0.9999999999999993,0.90234375,0.8125,0.857421875,0.9811734300156622,0.9710363974264723,0.9761049137210672,-0.003511431559048216,1536,1.2015275678192003
2,11,71011,5,0.9999999999999991,0.892578125,0.76953125,0.8310546875,0.9708126521125668,0.9196389024607419,0.9452257772866544,0.004657555513952121,1536,1.2015275678192003
2,12,71012,1,0.9999999999999996,0.919921875,0.83984375,0.8798828125,0.9920116487455196,0.9876433691756272,0.9898275089605735,-0.01093189964157706,1536,1.1877405010386997
2,12,71012,3,0.9999999999999993,0.904296875,0.8046875,0.8544921875,0.9745071684587814,0.9439381720430107,0.959222670250896,-0.011944444444444443,1536,1.1877405010386997
2,12,71012,5,0.9999999999999991,0.865234375,0.78125,0.8232421875,0.9286290322580645,0.916160394265233,0.9223947132616488,0.010869175627240147,1536,1.1877405010386997
2,13,71013,1,0.9999999999999996,0.91796875,0.833984375,0.8759765625,0.9994018892992973,0.9961647863466394,0.9977833378229684,-0.008469430151171341,1536,1.2063561557305746
2,13,71013,3,0.9999999999999993,0.912109375,0.779296875,0.845703125,0.9920191030165781,0.9330481273656192,0.9625336151910986,-0.007725216073197794,1536,1.2063561557305746
2,13,71013,5,0.9999999999999991,0.884765625,0.775390625,0.830078125,0.961456102783726,0.9266195787657003,0.9440378407747132,-0.005588454180611172,1536,1.2063561557305746
2,14,71014,1,0.9999999999999996,0.90625,0.830078125,0.8681640625,0.9782745309273724,0.977313942005566,0.9777942364664691,-0.00894155669270132,1536,1.1788419608013134
2,14,71014,3,0.9999999999999993,0.896484375,0.79296875,0.8447265625,0.9661639285393663,0.9323817218780859,0.9492728252087261,0.004300206481730854,1536,1.1788419608013134
2,14,71014,5,0.9999999999999991,0.875,0.736328125,0.8056640625,0.941071909507137,0.8674297513241763,0.9042508304156567,0.016231259538558224,1536,1.1788419608013134
2,15,71015,1,0.9999999999999996,0.896484375,0.8359375,0.8662109375,0.9719763408302532,0.9990316289092869,0.98550398486977,-0.012384238737571435,1536,1.2032839673858458
2,15,71015,3,0.9999999999999993,0.90234375,0.798828125,0.8505859375,0.9774637770109611,0.9511904599535363,0.9643271184822487,0.0006183026682487923,1536,1.2032839673858458
2,15,71015,5,0.9999999999999991,0.873046875,0.771484375,0.822265625,0.9469896388839637,0.9204753656396477,0.9337325022618057,0.009219983905945252,1536,1.2032839673858458
2,16,71016,1,0.9999999999999996,0.916015625,0.84375,0.8798828125,0.9740156932338153,0.9591532265079945,0.9665844598709049,-0.0010438958191972465,1536,1.1564670013806029
2,16,71016,3,0.9999999999999993,0.927734375,0.806640625,0.8671875,0.9885997877411834,0.9186413695913147,0.953620578666249,-0.010269325121352889,1536,1.1564670013806029
2,16,71016,5,0.9999999999999991,0.8984375,0.77734375,0.837890625,0.9542338674600275,0.8859804791481809,0.9201071733041042,0.012957356855785798,1536,1.1564670013806029
2,17,71017,1,0.9999999999999996,0.927734375,0.841796875,0.884765625,1.013774445743632,1.010904005319027,1.0123392255313295,-0.01251805488685604,1536,1.207447374533914
2,17,71017,3,0.9999999999999993,0.900390625,0.814453125,0.857421875,0.9824930646307632,0.9790998922438499,0.9807964784373066,-0.0022009766834032614,1536,1.207447374533914
2,17,71017,5,0.9999999999999991,0.908203125,0.791015625,0.849609375,0.9894444826558453,0.9506522686108627,0.970048375633354,-0.009895224339133821,1536,1.207447374533914
2,18,71018,1,0.9999999999999996,0.90625,0.82421875,0.865234375,0.9855448971112624,0.9855768572250403,0.9855608771681513,-0.017071266487994414,1536,1.2162498708088658
2,18,71018,3,0.9999999999999993,0.880859375,0.77734375,0.8291015625,0.9534980344530026,0.9319477863055479,0.9427229103792752,0.0032234057610387927,1536,1.2162498708088658
2,18,71018,5,0.9999999999999991,0.904296875,0.75,0.8271484375,0.9839057998475046,0.8978600420960356,0.9408829209717702,0.005926318240550081,1536,1.2162498708088658
2,19,71019,1,0.9999999999999996,0.919921875,0.81640625,0.8681640625,0.9736914600550963,0.9215909090909091,0.9476411845730027,0.00796315426997245,1536,1.136505903429871
2,19,71019,3,0.9999999999999993,0.90625,0.810546875,0.8583984375,0.9578598484848485,0.9157455234159779,0.9368026859504133,0.009637568870523415,1536,1.136505903429871
2,19,71019,5,0.9999999999999991,0.884765625,0.76953125,0.8271484375,0.9332472451790632,0.8681990358126722,0.9007231404958678,0.019619490358126716,1536,1.136505903429871
3,0,72000,1,0.9999999999999996,0.8671875,0.7278645833333334,0.7975260416666667,0.9548789957635839,0.886374372549635,0.9206266841566095,-0.00043844444528407824,2048,1.2334479558956735
3,0,72000,3,0.9999999999999993,0.83203125,0.7109375,0.771484375,0.9136691597561387,0.8645647200543465,0.8891169399052425,-0.0012200840889089388,2048,1.2334479558956735
3,0,72000,5,0.9999999999999991,0.791015625,0.671875,0.7314453125,0.8686437953185508,0.8198967257292531,0.844270260523902,0.003109083648293746,2048,1.2334479558956735
3,1,72001,1,0.9999999999999996,0.87109375,0.7486979166666666,0.8098958333333333,0.9939409869716982,0.981477357060791,0.9877091720162445,-0.014663870361591304,2048,1.3241605435277908
3,1,72001,3,0.9999999999999993,0.841796875,0.71875,0.7802734375,0.960919592832322,0.943828010874911,0.9523738018536165,-0.0122251708136,2048,1.3241605435277908
3,1,72001,5,0.9999999999999991,0.82421875,0.6744791666666666,0.7493489583333333,0.9359907619061029,0.8864212771083961,0.9112060195072496,0.0006304398675109224,2048,1.3241605435277908
3,2,72002,1,0.9999999999999996,0.87109375,0.7369791666666666,0.8040364583333333,0.9912345132525748,0.9679026712725068,0.9795685922625408,-0.014091249759218261,2048,1.3310046144228183
3,2,72002,3,0.9999999999999993,0.828125,0.7122395833333334,0.7701822916666667,0.9447693798120478,0.9339755659306603,0.9393724728713541,-0.007173983141362544,2048,1.3310046144228183
3,2,72002,5,0.9999999999999991,0.787109375,0.6276041666666666,0.7073567708333333,0.8927104738904306,0.8238868265492925,0.8582986502198615,0.00033981500512186673,2048,1.3310046144228183
3,3,72003,1,0.9999999999999996,0.869140625,0.74609375,0.8076171875,0.970314586284964,0.9386670440243772,0.9544908151546706,-0.01097949320182944,2048,1.2789241395562005
3,3,72003,3,0.9999999999999993,0.841796875,0.6822916666666666,0.7620442708333333,0.9451591658364986,0.862236064935845,0.9036976153861718,-0.011118371363210366,2048,1.2789241395562005
3,3,72003,5,0.9999999999999991,0.791015625,0.64453125,0.7177734375,0.881010854484064,0.8138082916338655,0.8474095730589648,-0.0060779397772424415,2048,1.2789241395562005
3,4,72004,1,0.9999999999999996,0.873046875,0.76171875,0.8173828125,0.9990065363114642,1.0012260217749018,1.000116279043183,-0.02319325010638445,2048,1.321918138661505
3,4,72004,3,0.9999999999999993,0.837890625,0.7018229166666666,0.7698567708333333,0.9563209313349746,0.9241447479102547,0.9402328396226147,-0.0038113214609301386,2048,1.321918138661505
3,4,72004,5,0.9999999999999991,0.79296875,0.6653645833333334,0.7291666666666667,0.9015689636268558,0.8759315085669162,0.888750236096886,0.0035433394516843197,2048,1.321918138661505
3,5,72005,1,0.9999999999999996,0.865234375,0.7473958333333334,0.8063151041666667,0.9841379203630272,0.9741887636483031,0.9791633420056651,-0.009330083021931768,2048,1.3126901690969415
3,5,72005,3,0.9999999999999993,0.8359375,0.7109375,0.7734375,0.9490846952146638,0.9222901703753111,0.9356874327949875,-0.013791776470160734,2048,1.3126901690969415
3,5,72005,5,0.9999999999999991,0.8125,0.65234375,0.732421875,0.9177368180835084,0.8484232772173862,0.8830800476504472,-0.00398961259236999,2048,1.3126901690969415
3,6,72006,1,0.9999999999999996,0.857421875,0.7395833333333334,0.7985026041666667,0.967357757437732,0.9483703137640958,0.9578640356009138,-0.005515214031712096,2048,1.2873423920688842
3,6,72006,3,0.9999999999999993,0.861328125,0.70703125,0.7841796875,0.9705167544000233,0.9057583739009512,0.9381375641504872,-0.01075938285302196,2048,1.2873423920688842
3,6,72006,5,0.9999999999999991,0.771484375,0.66015625,0.7158203125,0.8662493342330215,0.8447109779666317,0.8554801560998266,0.0010924157553043757,2048,1.2873423920688842
3,7,72007,1,0.9999999999999996,0.859375,0.75390625,0.806640625,0.9853659902890712,0.9963327857720324,0.9908493880305518,-0.01308040314398022,2048,1.3345965617710902
3,7,72007,3,0.9999999999999993,0.81640625,0.7018229166666666,0.7591145833333333,0.9310758396071446,0.9296320345978791,0.9303539371025118,-0.010076350874756794,2048,1.3345965617710902
3,7,72007,5,0.9999999999999991,0.8203125,0.6471354166666666,0.7337239583333333,0.93362667444088,0.8567223538087596,0.8951745141248197,-0.005382393458299341,2048,1.3345965617710902
3,8,72008,1,0.9999999999999996,0.861328125,0.7708333333333334,0.8160807291666667,0.9642181764981019,0.9707028380577235,0.9674605072779128,-0.005936062678365545,2048,1.2671881168142318
3,8,72008,3,0.9999999999999993,0.837890625,0.7005208333333334,0.7692057291666667,0.935218057747048,0.8816700726378105,0.9084440651924293,-0.007955299149573023,2048,1.2671881168142318
3,8,72008,5,0.9999999999999991,0.8359375,0.6341145833333334,0.7350260416666667,0.9339794089121316,0.7980574231816001,0.8660184160468658,0.0001656161121789627,2048,1.2671881168142318
3,9,72009,1,0.9999999999999996,0.87890625,0.7421875,0.810546875,1.0129193907373026,0.9902766848219047,1.0015980377796037,-0.022660533154741334,2048,1.3447148351854452
3,9,72009,3,0.9999999999999993,0.833984375,0.7200520833333334,0.7770182291666667,0.9583323606596599,0.9604985509325604,0.9594154557961101,-0.007169991665624699,2048,1.3447148351854452
3,9,72009,5,0.9999999999999991,0.810546875,0.6809895833333334,0.7457682291666667,0.9261596807345334,0.9091258778717665,0.9176427793031499,-0.004211488853746538,2048,1.3447148351854452
3,10,72010,1,0.9999999999999996,0.865234375,0.7643229166666666,0.8147786458333333,0.9663408441306289,0.9599554712982942,0.9631481577144616,-0.01716904005237779,2048,1.278806569057827
3,10,72010,3,0.9999999999999993,0.8359375,0.75390625,0.794921875,0.9352143936127406,0.9513936755956863,0.9433040346042134,-0.00689855289637121,2048,1.278806569057827
3,10,72010,5,0.9999999999999991,0.80078125,0.6640625,0.732421875,0.8892992525586558,0.8322852339140873,0.8607922432363715,0.004260277631758159,2048,1.278806569057827
3,11,72011,1,0.9999999999999996,0.876953125,0.7408854166666666,0.8089192708333333,0.9743409857075453,0.9185554885617581,0.9464482371346516,-0.005479331387537985,2048,1.2424424351500605
3,11,72011,3,0.9999999999999993,0.84765625,0.69140625,0.76953125,0.9399583940817289,0.8572856308768975,0.8986220124793132,-0.0014326987799844733,2048,1.2424424351500605
3,11,72011,5,0.9999999999999991,0.818359375,0.6549479166666666,0.7366536458333333,0.9046155607611686,0.8117118597796223,0.8581637102703954,-0.0010971552668974406,2048,1.2424424351500605
3,12,72012,1,0.9999999999999996,0.88671875,0.7213541666666666,0.8040364583333333,1.0077391819663593,0.9365891438043902,0.9721641628853748,-0.014775435105166825,2048,1.2985245843390363
3,12,72012,3,0.9999999999999993,0.8359375,0.6875,0.76171875,0.9474570519927625,0.8927112338079262,0.9200841429003443,-0.011034258788898108,2048,1.2985245843390363
3,12,72012,5,0.9999999999999991,0.82421875,0.6627604166666666,0.7434895833333333,0.9334704263488827,0.8606338981327996,0.8970521622408412,-0.007853134868522054,2048,1.2985245843390363
3,13,72013,1,0.9999999999999996,0.85546875,0.72265625,0.7890625,0.9657271879385723,0.9380420138449819,0.9518846008917771,-0.006001454562730955,2048,1.3194630912417231
3,13,72013,3,0.9999999999999993,0.85546875,0.7278645833333334,0.7916666666666667,0.9685837142954122,0.9435283634823802,0.9560560388888962,-0.004360800891142976,2048,1.3194630912417231
3,13,72013,5,0.9999999999999991,0.82421875,0.6458333333333334,0.7350260416666667,0.9330101003897423,0.83443376384225,0.8837219321159961,-0.005717089142157077,2048,1.3194630912417231
3,14,72014,1,0.9999999999999996,0.896484375,0.7486979166666666,0.8225911458333333,1.0065011050072183,0.9497922821349428,0.9781466935710805,-0.013289067256850763,2048,1.2857596107202063
3,14,72014,3,0.9999999999999993,0.84765625,0.6979166666666666,0.7727864583333333,0.9503154522249415,0.8862949613848637,0.9183052068049027,-0.009424443836474967,2048,1.2857596107202063
3,14,72014,5,0.9999999999999991,0.791015625,0.6302083333333334,0.7106119791666667,0.8856264123569646,0.8019440227475361,0.8437852175522503,0.0069811003158719125,2048,1.2857596107202063
3,15,72015,1,0.9999999999999996,0.88671875,0.7630208333333334,0.8248697916666667,0.9848478449208441,0.9471491377838746,0.9659984913523594,-0.009077908071943504,2048,1.2535260661431828
3,15,72015,3,0.9999999999999993,0.8359375,0.71875,0.77734375,0.9268507939833498,0.8922018636431526,0.9095263288132511,-0.001274163795306854,2048,1.2535260661431828
3,15,72015,5,0.9999999999999991,0.83203125,0.6549479166666666,0.7434895833333333,0.9204134387967736,0.8114418344276797,0.8659276366122266,-0.0029167475619892628,2048,1.2535260661431828
3,16,72016,1,0.9999999999999996,0.83984375,0.7526041666666666,0.7962239583333333,0.948300618530674,0.9635727499699961,0.9559366842503351,-0.014482208646898054,2048,1.2902916024604594
3,16,72016,3,0.9999999999999993,0.81640625,0.7057291666666666,0.7610677083333333,0.9176218661611731,0.9068491694342683,0.9122355177977207,-0.005513082151461008,2048,1.2902916024604594
3,16,72016,5,0.9999999999999991,0.7890625,0.6380208333333334,0.7135416666666667,0.888255107455072,0.8177092216096448,0.8529821645323583,-0.00419793653985927,2048,1.2902916024604594
3,17,72017,1,0.9999999999999996,0.85546875,0.7421875,0.798828125,0.952106197155213,0.9277249151566878,0.9399155561559505,-0.004837526450389135,2048,1.2632624922123201
3,17,72017,3,0.9999999999999993,0.83984375,0.6731770833333334,0.7565104166666667,0.9335406070584538,0.8434154756152745,0.8884780413368641,-0.00676110543066877,2048,1.2632624922123201
3,17,72017,5,0.9999999999999991,0.814453125,0.6614583333333334,0.7379557291666667,0.9045891985061763,0.8284229277119249,0.8665060631090507,-0.0019136031596531469,2048,1.2632624922123201
3,18,72018,1,0.9999999999999996,0.857421875,0.76171875,0.8095703125,0.9728716789548062,0.9891260276092737,0.98099885328204,-0.020935084472366864,2048,1.314471207144265
3,18,72018,3,0.9999999999999993,0.826171875,0.70703125,0.7666015625,0.9342066033129708,0.9157468904311298,0.9249767468720502,-0.013836475145923104,2048,1.314471207144265
3,18,72018,5,0.9999999999999991,0.7578125,0.63671875,0.697265625,0.8510646181131083,0.8220483275304936,0.8365564728218009,-0.010465152918639713,2048,1.314471207144265
3,19,72019,1,0.9999999999999996,0.876953125,0.7330729166666666,0.8050130208333333,0.9734175546060564,0.9084451260351906,0.9409313403206234,-0.009237265974044395,2048,1.248952195690497
3,19,72019,3,0.9999999999999993,0.8515625,0.7239583333333334,0.7877604166666667,0.9434290638370801,0.8983344364859861,0.9208817501615332,-0.005181591731082901,2048,1.248952195690497
3,19,72019,5,0.9999999999999991,0.798828125,0.6302083333333334,0.7145182291666667,0.8833472212372644,0.7811428858473395,0.8322450535423019,0.008494226177812448,2048,1.248952195690497
4,0,73000,1,0.9999999999999996,0.8125,0.6943359375,0.75341796875,0.9622388110582658,0.9875972131782286,0.9749180121182472,-0.013041881502100429,2560,1.4311897215330665
4,0,73000,3,0.9999999999999993,0.765625,0.640625,0.703125,0.9045207465308045,0.9074539169451349,0.9059873317379696,-0.012022297766946336,2560,1.4311897215330665
4,0,73000,5,0.9999999999999991,0.708984375,0.6005859375,0.65478515625,0.8367320339607218,0.851699105314877,0.8442155696377994,-0.008868628210670033,2560,1.4311897215330665
4,1,73001,1,0.9999999999999996,0.83984375,0.6787109375,0.75927734375,0.9796720974016537,0.9344333081652572,0.9570527027834554,-0.013419141109017388,2560,1.4226183482043095
4,1,73001,3,0.9999999999999993,0.77734375,0.626953125,0.7021484375,0.8990283658322371,0.8699785272942132,0.8845034465632251,-0.007943289395757043,2560,1.4226183482043095
4,1,73001,5,0.9999999999999991,0.73828125,0.6025390625,0.67041015625,0.8606753912858426,0.8326870583249744,0.8466812248054085,-0.01095235011769329,2560,1.4226183482043095
4,2,73002,1,0.9999999999999996,0.822265625,0.6748046875,0.74853515625,0.961208828508479,0.9275599438165053,0.9443843861624921,-0.012415007337053946,2560,1.3903931449592717
4,2,73002,3,0.9999999999999993,0.80078125,0.611328125,0.7060546875,0.9359335175570163,0.8408834410091313,0.8884084792830738,-0.01706474240963479,2560,1.3903931449592717
4,2,73002,5,0.9999999999999991,0.728515625,0.5625,0.6455078125,0.8452198647736306,0.7720055867638781,0.8086127257687543,-0.001042790601671841,2560,1.3903931449592717
4,3,73003,1,0.9999999999999996,0.83203125,0.685546875,0.7587890625,0.9633775668962526,0.9275590974327308,0.9454683321644917,-0.012698707011782799,2560,1.3566629014985494
4,3,73003,3,0.9999999999999993,0.798828125,0.626953125,0.712890625,0.9240526278424632,0.8481873882788861,0.8861200080606746,-0.005732525120978226,2560,1.3566629014985494
4,3,73003,5,0.9999999999999991,0.72265625,0.54296875,0.6328125,0.8354614892362826,0.7342523512207292,0.7848569202285058,-0.003692516286987126,2560,1.3566629014985494
4,4,73004,1,0.9999999999999996,0.869140625,0.6748046875,0.77197265625,1.0090437636147702,0.9163287132212284,0.9626862384179993,-0.014510486668642469,2560,1.3995341901763951
4,4,73004,3,0.9999999999999993,0.794921875,0.619140625,0.70703125,0.9257291323298148,0.8417440050309094,0.8837365686803621,-0.003482493847033834,2560,1.3995341901763951
4,4,73004,5,0.9999999999999991,0.708984375,0.552734375,0.630859375,0.8180501114654724,0.7511755767501964,0.7846128441078344,-0.004375250253206462,2560,1.3995341901763951
4,5,73005,1,0.9999999999999996,0.810546875,0.693359375,0.751953125,0.9477058512780638,0.9603156494471471,0.9540107503626054,-0.0068712186173909805,2560,1.4017699520915818
4,5,73005,3,0.9999999999999993,0.806640625,0.638671875,0.72265625,0.9405045527581959,0.8847778135349731,0.9126411831465845,-0.013041683325839923,2560,1.4017699520915818
4,5,73005,5,0.9999999999999991,0.75,0.5712890625,0.66064453125,0.871618880834784,0.7913663008203065,0.8314925908275452,-0.0030826859155368533,2560,1.4017699520915818
4,6,73006,1,0.9999999999999996,0.787109375,0.677734375,0.732421875,0.9322548553708795,0.9647092355532327,0.9484820454620562,-0.014229456386026254,2560,1.4312929128341527
4,6,73006,3,0.9999999999999993,0.7578125,0.615234375,0.6865234375,0.8987490570107597,0.8767825189479357,0.8877657879793477,-0.00808120611416683,2560,1.4312929128341527
4,6,73006,5,0.9999999999999991,0.72265625,0.5380859375,0.63037109375,0.8574092711902377,0.7663968553059524,0.811903063248095,-0.009873556833035283,2560,1.4312929128341527
4,7,73007,1,0.9999999999999996,0.81640625,0.6484375,0.732421875,0.9724854694188393,0.9289569594297487,0.950721214424294,-0.016040847489855924,2560,1.4441768194302735
4,7,73007,3,0.9999999999999993,0.806640625,0.6103515625,0.70849609375,0.9581640126269009,0.8713546580247297,0.9147593353258152,-0.008322521311197211,2560,1.4441768194302735
4,7,73007,5,0.9999999999999991,0.7421875,0.57421875,0.658203125,0.8764072570111108,0.8177371663057964,0.8470722116584536,-0.015871878962861543,2560,1.4441768194302735
4,8,73008,1,0.9999999999999996,0.833984375,0.69140625,0.7626953125,0.9732986575791855,0.9580785550760942,0.9656886063276399,-0.01016557097243595,2560,1.3980150017087571
4,8,73008,3,0.9999999999999993,0.80859375,0.595703125,0.7021484375,0.9435649778285791,0.8253915894614056,0.8844782836449923,-0.006868292723693819,2560,1.3980150017087571
4,8,73008,5,0.9999999999999991,0.763671875,0.5498046875,0.65673828125,0.893066364656635,0.7612702000314425,0.8271682823440387,-0.0026372136568254103,2560,1.3980150017087571
4,9,73009,1,0.9999999999999996,0.826171875,0.69140625,0.7587890625,0.958718472434223,0.9438145141801102,0.9512664933071666,-0.00692986650493066,2560,1.3742853634210084
4,9,73009,3,0.9999999999999993,0.80859375,0.60546875,0.70703125,0.9401583191805496,0.8271697551368036,0.8836640371586766,-0.0159967301897106,2560,1.3742853634210084
4,9,73009,5,0.9999999999999991,0.76171875,0.525390625,0.6435546875,0.8835268124881235,0.7176630151721657,0.8005949138301446,-0.007772119563477899,2560,1.3742853634210084
4,10,73010,1,0.9999999999999996,0.8359375,0.6513671875,0.74365234375,0.9716995779322797,0.8855291483718468,0.9286143631520632,-0.012389414922070923,2560,1.379380000947681
4,10,73010,3,0.9999999999999993,0.80078125,0.5888671875,0.69482421875,0.9299808676052304,0.8013488727207321,0.8656648701629812,-0.007148083573388678,2560,1.379380000947681
4,10,73010,5,0.9999999999999991,0.728515625,0.603515625,0.666015625,0.8410612164658366,0.818591989439179,0.8298266029525079,-0.004428407616445779,2560,1.379380000947681
4,11,73011,1,0.9999999999999996,0.828125,0.6923828125,0.76025390625,0.9849974539545787,0.9856114000694411,0.9853044270120099,-0.015911497136981458,2560,1.4468433619201118
4,11,73011,3,0.9999999999999993,0.759765625,0.6201171875,0.68994140625,0.9000785931549878,0.8859401219444542,0.893009357549721,-0.01408071651078896,2560,1.4468433619201118
4,11,73011,5,0.9999999999999991,0.716796875,0.55859375,0.6376953125,0.8488865848717981,0.7977291387348661,0.823307861803332,-0.0056288351392982435,2560,1.4468433619201118
4,12,73012,1,0.9999999999999996,0.80859375,0.6748046875,0.74169921875,0.9613539724578968,0.9617727171930621,0.9615633448254794,-0.014507170027985213,2560,1.4787718253581557
4,12,73012,3,0.9999999999999993,0.783203125,0.6376953125,0.71044921875,0.9371543354573271,0.9052897431858258,0.9212220393215764,-0.012120660059648696,2560,1.4787718253581557
4,12,73012,5,0.9999999999999991,0.740234375,0.578125,0.6591796875,0.8715113902526646,0.8244787175508496,0.8479950539017571,-0.009500164938746454,2560,1.4787718253581557
4,13,73013,1,0.9999999999999996,0.80859375,0.662109375,0.7353515625,0.9538193610028647,0.9313607633579248,0.9425900621803948,-0.009178496227202597,2560,1.4206367967874642
4,13,73013,3,0.9999999999999993,0.775390625,0.615234375,0.6953125,0.9126588463274931,0.8651205449616108,0.888889695644552,-0.011987304352348882,2560,1.4206367967874642
4,13,73013,5,0.9999999999999991,0.75390625,0.5654296875,0.65966796875,0.887952856720768,0.7960359310470104,0.8419943938838892,-0.014198621245850376,2560,1.4206367967874642
4,14,73014,1,0.9999999999999996,0.82421875,0.6728515625,0.74853515625,0.9862353135235888,0.9723410496043992,0.979288181563994,-0.015453080221216548,2560,1.459529407979612
4,14,73014,3,0.9999999999999993,0.7734375,0.6025390625,0.68798828125,0.9220349832242025,0.8708043890894899,0.8964196861568462,-0.01051907881370683,2560,1.459529407979612
4,14,73014,5,0.9999999999999991,0.76953125,0.57421875,0.671875,0.9184232334381582,0.8292989002565843,0.8738610668473712,-0.006318076639400109,2560,1.459529407979612
4,15,73015,1,0.9999999999999996,0.83203125,0.6806640625,0.75634765625,1.0065198757993756,1.0068930694878286,1.0067064726436021,-0.016171372206121627,2560,1.4920446067528323
4,15,73015,3,0.9999999999999993,0.755859375,0.623046875,0.689453125,0.9098987172506466,0.9187772494293537,0.9143379833400002,-0.01120383624663096,2560,1.4920446067528323
4,15,73015,5,0.9999999999999991,0.7421875,0.568359375,0.6552734375,0.8904601914085428,0.8409112161228651,0.865685703765704,-0.005628270181471596,2560,1.4920446067528323
4,16,73016,1,0.9999999999999996,0.81640625,0.69140625,0.75390625,0.9480469288929071,0.9412894568643734,0.9446681928786402,-0.012841619941879948,2560,1.394689479023042
4,16,73016,3,0.9999999999999993,0.7734375,0.6123046875,0.69287109375,0.8998380116083822,0.8364767778235833,0.8681573947159827,-0.007694276680808716,2560,1.394689479023042
4,16,73016,5,0.9999999999999991,0.75,0.5458984375,0.64794921875,0.8734538961104148,0.7474029900978818,0.8104284431041483,-0.0023217503008673857,2560,1.394689479023042
4,17,73017,1,0.9999999999999996,0.849609375,0.6640625,0.7568359375,1.0122591121690607,0.9481420373005855,0.9802005747348231,-0.024419663302181233,2560,1.4702921683723935
4,17,73017,3,0.9999999999999993,0.78125,0.62109375,0.701171875,0.9268373354146373,0.8871989324636174,0.9070181339391273,-0.015415850526956477,2560,1.4702921683723935
4,17,73017,5,0.9999999999999991,0.767578125,0.544921875,0.65625,0.9146461813258706,0.7770797418105199,0.8458629615681952,-0.02312824971670252,2560,1.4702921683723935
4,18,73018,1,0.9999999999999996,0.8515625,0.705078125,0.7783203125,1.0205310953827178,1.0150341851630815,1.0177826402728996,-0.01783600440514788,2560,1.4669510085935817
4,18,73018,3,0.9999999999999993,0.783203125,0.6376953125,0.71044921875,0.9380789723269187,0.920749419495852,0.9294141959113853,-0.01684465043702198,2560,1.4669510085935817
4,18,73018,5,0.9999999999999991,0.759765625,0.5693359375,0.66455078125,0.9073357468618535,0.8237804233235329,0.8655580850926932,-0.00767270556857493,2560,1.4669510085935817
4,19,73019,1,0.9999999999999996,0.83984375,0.6708984375,0.75537109375,0.9891694335102867,0.9384853614086828,0.9638273974594848,-0.020236558788239517,2560,1.4144313225589933
4,19,73019,3,0.9999999999999993,0.80078125,0.6083984375,0.70458984375,0.9425728424135962,0.8527417738465815,0.8976573081300888,-0.009718915144542633,2560,1.4144313225589933
4,19,73019,5,0.9999999999999991,0.76171875,0.5517578125,0.65673828125,0.8944042474374883,0.7733151761842594,0.8338597118108738,-0.003366200800341543,2560,1.4144313225589933
5,0,74000,1,0.9999999999999996,0.80078125,0.59921875,0.7,0.9715217625010901,0.8986471901747024,0.9350844763378963,-0.014757406600307795,3072,1.5179279100675538
5,0,74000,3,0.9999999999999993,0.72265625,0.51875,0.620703125,0.8761208586604485,0.7785284959524488,0.8273246773064487,-0.0060816541722545775,3072,1.5179279100675538
5,0,74000,5,0.9999999999999991,0.666015625,0.48203125,0.5740234375,0.8048991121697671,0.7228085717807022,0.7638538419752346,-0.0075999560224588435,3072,1.5179279100675538
5,1,74001,1,0.9999999999999996,0.806640625,0.59609375,0.7013671875,0.9802629446075468,0.8899661452022503,0.9351145449048985,-0.014325991076935453,3072,1.528945589246641
5,1,74001,3,0.9999999999999993,0.689453125,0.54140625,0.6154296875,0.8322847612202519,0.810284927175768,0.82128484419801,-0.009939097331494834,3072,1.528945589246641
5,1,74001,5,0.9999999999999991,0.671875,0.47578125,0.573828125,0.8142561505692744,0.7133504361302215,0.763803293349748,-0.004842899964600554,3072,1.528945589246641
5,2,74002,1,0.9999999999999996,0.7890625,0.603125,0.69609375,0.9773955326705912,0.9364833356793776,0.9569394341749844,-0.01443555506368057,3072,1.594129388348722
5,2,74002,3,0.9999999999999993,0.712890625,0.53828125,0.6255859375,0.8808820431194917,0.8383575626715662,0.859619802895529,-0.010529930680163294,3072,1.594129388348722
5,2,74002,5,0.9999999999999991,0.654296875,0.4765625,0.5654296875,0.8029553838240138,0.740301655319157,0.7716285195715854,-0.01230054252885672,3072,1.594129388348722
5,3,74003,1,0.9999999999999996,0.7890625,0.59375,0.69140625,0.9660572067815725,0.8968629046102015,0.931460055695887,-0.013719702744842145,3072,1.539695267947497
5,3,74003,3,0.9999999999999993,0.734375,0.56171875,0.648046875,0.8966182653682904,0.848195249623191,0.8724067574957407,-0.012628629556792687,3072,1.539695267947497
5,3,74003,5,0.9999999999999991,0.662109375,0.4625,0.5623046875,0.8032252123568588,0.699554877403828,0.7513900448803434,-0.0073501544131686315,3072,1.539695267947497
5,4,74004,1,0.9999999999999996,0.78125,0.60625,0.69375,0.9692075536170297,0.9466388138351599,0.9579231837260949,-0.0127199043033959,3072,1.569608790332729
5,4,74004,3,0.9999999999999993,0.72265625,0.546875,0.634765625,0.8948332068794482,0.8515828505975864,0.8732080287385173,-0.007821931188363936,3072,1.569608790332729
5,4,74004,5,0.9999999999999991,0.654296875,0.47734375,0.5658203125,0.8062676216935777,0.7446748871776248,0.7754712544356013,-0.008803016419125485,3072,1.569608790332729
5,5,74005,1,0.9999999999999996,0.78125,0.60234375,0.691796875,0.960351770646445,0.9106158997450008,0.9354838351957229,-0.011738430250723107,3072,1.5376935483519791
5,5,74005,3,0.9999999999999993,0.70703125,0.546875,0.626953125,0.8606596777324321,0.8257792633990088,0.8432194705657204,-0.010782800931841205,3072,1.5376935483519791
5,5,74005,5,0.9999999999999991,0.708984375,0.5,0.6044921875,0.8600878285299873,0.7501928530289546,0.8051403407794709,-0.0059312984473659965,3072,1.5376935483519791
5,6,74006,1,0.9999999999999996,0.78125,0.63359375,0.707421875,0.9457123996467749,0.9376338973003081,0.9416731484735414,-0.007907587834456367,3072,1.5184849191003778
5,6,74006,3,0.9999999999999993,0.7109375,0.55390625,0.632421875,0.8547471352221832,0.8164847794358995,0.8356159573290414,-0.008276446422894627,3072,1.5184849191003778
5,6,74006,5,0.9999999999999991,0.671875,0.4578125,0.56484375,0.8076655509293791,0.6746101608180088,0.741137855873694,-0.005541761335716957,3072,1.5184849191003778
5,7,74007,1,0.9999999999999996,0.8125,0.62578125,0.719140625,0.9961899040896424,0.9576382087335238,0.976914056411583,-0.012116746936689439,3072,1.5470164182126303
5,7,74007,3,0.9999999999999993,0.72265625,0.55625,0.639453125,0.8872740771936116,0.8481754350161884,0.8677247561049,-0.010785229946042389,3072,1.5470164182126303
5,7,74007,5,0.9999999999999991,0.646484375,0.51171875,0.5791015625,0.7855460645102215,0.7799337175636236,0.7827398910369225,-0.006166758092101081,3072,1.5470164182126303
5,8,74008,1,0.9999999999999996,0.796875,0.6359375,0.71640625,0.9758236264878302,0.9655333496130896,0.9706784880504599,-0.013894704947512533,3072,1.5359146264539345
5,8,74008,3,0.9999999999999993,0.734375,0.515625,0.625,0.899133240838496,0.7829052447315293,0.8410192427850127,-0.009483796189052589,3072,1.5359146264539345
5,8,74008,5,0.9999999999999991,0.689453125,0.4796875,0.5845703125,0.8413775089486363,0.7293498906070532,0.7853636997778448,-0.006569467095620312,3072,1.5359146264539345
5,9,74009,1,0.9999999999999996,0.759765625,0.59765625,0.6787109375,0.9441734671355868,0.940694265979352,0.9424338665574694,-0.012243422049161472,3072,1.6112867902392511
5,9,74009,3,0.9999999999999993,0.7265625,0.5421875,0.634375,0.9095222354926247,0.8556150252015831,0.8825686303471039,-0.02233362739133951,3072,1.6112867902392511
5,9,74009,5,0.9999999999999991,0.6796875,0.47578125,0.577734375,0.8416502852414294,0.750428191853605,0.7960392385475172,-0.010024272736919849,3072,1.6112867902392511
5,10,74010,1,0.9999999999999996,0.79296875,0.61875,0.705859375,0.984024859539444,0.9750022224093726,0.9795135409744082,-0.02191181434429515,3072,1.6228946062865113
5,10,74010,3,0.9999999999999993,0.701171875,0.5734375,0.6373046875,0.8658631602971266,0.9025410147158764,0.8842020875065015,-0.010735209903224475,3072,1.6228946062865113
5,10,74010,5,0.9999999999999991,0.681640625,0.49609375,0.5888671875,0.8450645353382129,0.7851212618233536,0.8150928985807833,-0.00754255136949429,3072,1.6228946062865113
5,11,74011,1,0.9999999999999996,0.79296875,0.6296875,0.711328125,0.9571983413706187,0.9281482298682974,0.942673285619458,-0.00961610879755531,3072,1.504761236850763
5,11,74011,3,0.9999999999999993,0.7578125,0.546875,0.65234375,0.9127072599693754,0.8073037562158143,0.8600055080925948,-0.01631298045252301,3072,1.504761236850763
5,11,74011,5,0.9999999999999991,0.6796875,0.46875,0.57421875,0.8158882166536727,0.6907194689771099,0.7533038428153913,-0.00573120974416607,3072,1.504761236850763
5,12,74012,1,0.9999999999999996,0.79296875,0.61171875,0.70234375,0.9763810302826363,0.943447284494445,0.9599141573885407,-0.011523639906849544,3072,1.5747515915587655
5,12,74012,3,0.9999999999999993,0.744140625,0.5359375,0.6400390625,0.9149692355433365,0.8287190325166248,0.8718441340299807,-0.01366305957372634,3072,1.5747515915587655
5,12,74012,5,0.9999999999999991,0.6640625,0.46875,0.56640625,0.8102696181021598,0.7248136976297787,0.7675416578659693,-0.004997924597860034,3072,1.5747515915587655
5,13,74013,1,0.9999999999999996,0.775390625,0.596875,0.6861328125,0.9282338186504595,0.863785964553605,0.8960098916020323,-0.008416261310907886,3072,1.4718353463868987
5,13,74013,3,0.9999999999999993,0.716796875,0.5234375,0.6201171875,0.8528868852327456,0.7575493306202805,0.805218107926513,-0.005269610227001172,3072,1.4718353463868987
5,13,74013,5,0.9999999999999991,0.658203125,0.490625,0.5744140625,0.7843440639015894,0.7105604184017135,0.7474522411516514,-0.004987195226115915,3072,1.4718353463868987
5,14,74014,1,0.9999999999999996,0.767578125,0.6203125,0.6939453125,0.9590671349404494,0.9881375639951007,0.973602349467775,-0.012775131397426427,3072,1.6144079585895794
5,14,74014,3,0.9999999999999993,0.73828125,0.55546875,0.646875,0.9242099082234534,0.8851351158455147,0.9046725120344841,-0.00935384356696572,3072,1.6144079585895794
5,14,74014,5,0.9999999999999991,0.66796875,0.46171875,0.56484375,0.8341088686212375,0.7381011310357429,0.7861049998284901,-0.005333228163410608,3072,1.6144079585895794
5,15,74015,1,0.9999999999999996,0.7890625,0.59609375,0.692578125,0.9716304464782005,0.9159391011423864,0.9437847738102935,-0.011810714877284098,3072,1.5517578965848355
5,15,74015,3,0.9999999999999993,0.734375,0.54921875,0.641796875,0.9005493313998476,0.8467407693174162,0.8736450503586319,-0.007011943317102086,3072,1.5517578965848355
5,15,74015,5,0.9999999999999991,0.681640625,0.4453125,0.5634765625,0.838158418739343,0.6845115880289636,0.7613350033841533,-0.009445958288648769,3072,1.5517578965848355
5,16,74016,1,0.9999999999999996,0.787109375,0.59140625,0.6892578125,0.9720920736076003,0.9112907371706079,0.9416914053891041,-0.01301384799109324,3072,1.5602274921576533
5,16,74016,3,0.9999999999999993,0.720703125,0.51640625,0.6185546875,0.8837315861099551,0.7993419288150374,0.8415367574624962,-0.008401416312792977,3072,1.5602274921576533
5,16,74016,5,0.9999999999999991,0.62890625,0.4890625,0.558984375,0.7693004767998108,0.7557167933226793,0.7625086350612451,-0.009077177439208876,3072,1.5602274921576533
5,17,74017,1,0.9999999999999996,0.77734375,0.628125,0.702734375,0.9421648297585505,0.9391974125034862,0.9406811211310184,-0.010922138279919901,3072,1.5152297365397764
5,17,74017,3,0.9999999999999993,0.71875,0.5421875,0.63046875,0.8685304407157193,0.8096833306687439,0.8391068856922316,-0.008356749447666382,3072,1.5152297365397764
5,17,74017,5,0.9999999999999991,0.6796875,0.471875,0.57578125,0.824041153825346,0.705235874113892,0.764638513969619,-0.0037162300156694202,3072,1.5152297365397764
5,18,74018,1,0.9999999999999996,0.798828125,0.6125,0.7056640625,0.9947666558291588,0.9593943130296338,0.9770804844293963,-0.0169175891245464,3072,1.6134857739733128
5,18,74018,3,0.9999999999999993,0.693359375,0.5390625,0.6162109375,0.8583740083541482,0.8466845003589167,0.8525292543565325,-0.012250422287950029,3072,1.6134857739733128
5,18,74018,5,0.9999999999999991,0.654296875,0.4375,0.5458984375,0.8125499429685407,0.6880614860260389,0.7503057144972898,-0.009474979936063964,3072,1.6134857739733128
5,19,74019,1,0.9999999999999996,0.76953125,0.61015625,0.68984375,0.948341181410715,0.943756318175559,0.946048749793137,-0.009841545798927352,3072,1.5804402153740698
5,19,74019,3,0.9999999999999993,0.703125,0.5484375,0.62578125,0.86773436409523,0.8460362149887273,0.8568852895419786,-0.008088058393058404,3072,1.5804402153740698
5,19,74019,5,0.9999999999999991,0.689453125,0.4609375,0.5751953125,0.8481168414294418,0.7093943865637247,0.7787556139965832,-0.0031049555473099885,3072,1.5804402153740698
