backend_name,backend_physical_qubits,n_qubits,optimization_level,seed_transpiler,logical_depth,physical_depth,logical_cx,physical_cx,logical_size,physical_size,logical_ghz_fidelity,initial_mapping_json,final_mapping_json,operation_counts_json,extra_cx,depth_change
fake_manila,5,2,0,42,2,4,1,1,2,4,0.9999999999999996,"[0, 1]","[0, 1]","{""rz"": 2, ""sx"": 1, ""cx"": 1}",0,2
fake_manila,5,2,1,42,2,4,1,1,2,4,0.9999999999999996,"[0, 1]","[0, 1]","{""rz"": 2, ""sx"": 1, ""cx"": 1}",0,2
fake_manila,5,2,2,42,2,4,1,1,2,4,0.9999999999999996,"[3, 4]","[3, 4]","{""rz"": 2, ""sx"": 1, ""cx"": 1}",0,2
fake_manila,5,2,3,42,2,4,1,1,2,4,0.9999999999999996,"[3, 4]","[3, 4]","{""rz"": 2, ""sx"": 1, ""cx"": 1}",0,2
fake_manila,5,3,0,42,3,5,2,2,3,5,0.9999999999999996,"[0, 1, 2]","[0, 1, 2]","{""rz"": 2, ""cx"": 2, ""sx"": 1}",0,2
fake_manila,5,3,1,42,3,5,2,2,3,5,0.9999999999999996,"[0, 1, 2]","[0, 1, 2]","{""rz"": 2, ""cx"": 2, ""sx"": 1}",0,2
fake_manila,5,3,2,42,3,5,2,2,3,5,0.9999999999999996,"[4, 3, 2]","[4, 3, 2]","{""rz"": 2, ""cx"": 2, ""sx"": 1}",0,2
fake_manila,5,3,3,42,3,5,2,2,3,5,0.9999999999999996,"[4, 3, 2]","[4, 3, 2]","{""rz"": 2, ""cx"": 2, ""sx"": 1}",0,2
fake_manila,5,4,0,42,4,6,3,3,4,6,0.9999999999999996,"[0, 1, 2, 3]","[0, 1, 2, 3]","{""cx"": 3, ""rz"": 2, ""sx"": 1}",0,2
fake_manila,5,4,1,42,4,6,3,3,4,6,0.9999999999999996,"[0, 1, 2, 3]","[0, 1, 2, 3]","{""cx"": 3, ""rz"": 2, ""sx"": 1}",0,2
fake_manila,5,4,2,42,4,6,3,3,4,6,0.9999999999999996,"[4, 3, 2, 1]","[4, 3, 2, 1]","{""cx"": 3, ""rz"": 2, ""sx"": 1}",0,2
fake_manila,5,4,3,42,4,6,3,3,4,6,0.9999999999999996,"[4, 3, 2, 1]","[4, 3, 2, 1]","{""cx"": 3, ""rz"": 2, ""sx"": 1}",0,2
fake_manila,5,5,0,42,5,7,4,4,5,7,0.9999999999999996,"[0, 1, 2, 3, 4]","[0, 1, 2, 3, 4]","{""cx"": 4, ""rz"": 2, ""sx"": 1}",0,2
fake_manila,5,5,1,42,5,7,4,4,5,7,0.9999999999999996,"[0, 1, 2, 3, 4]","[0, 1, 2, 3, 4]","{""cx"": 4, ""rz"": 2, ""sx"": 1}",0,2
fake_manila,5,5,2,42,5,7,4,4,5,7,0.9999999999999996,"[4, 3, 2, 1, 0]","[4, 3, 2, 1, 0]","{""cx"": 4, ""rz"": 2, ""sx"": 1}",0,2
fake_manila,5,5,3,42,5,7,4,4,5,7,0.9999999999999996,"[0, 1, 2, 3, 4]","[0, 1, 2, 3, 4]","{""cx"": 4, ""rz"": 2, ""sx"": 1}",0,2
