width,method,repeats,mean_fidelity,estimate_std,bias,mae,rmse,mean_target_shots,mean_calibration_shots,mean_total_shots
2,readout_mitigation,20,0.9904594350272363,0.017310056116499207,0.0026944350272363913,0.013671362383052393,0.017085552982989236,1536.0,1024.0,2560.0
2,readout_mitigation_plus_zne,20,1.0019906558602354,0.019571281356645397,0.014225655860235354,0.02003941947889496,0.023796062403216526,4608.0,1024.0,5632.0
2,unmitigated,20,0.87490234375,0.008495177988683702,-0.11286265625,0.11286265625,0.11316597908564266,1536.0,0.0,1536.0
2,zne_only,20,0.8846069335937494,0.011597223712327874,-0.10315806640625054,0.10315806640625054,0.10377551485113665,4608.0,0.0,4608.0
3,readout_mitigation,20,0.9667509815443275,0.02119559013650627,-0.008072543455672548,0.018028759254763466,0.022180088976754473,2048.0,1024.0,3072.0
3,readout_mitigation_plus_zne,20,0.9936964434980652,0.022928178806281,0.01887291849806521,0.025061275896542962,0.02925069857009855,6144.0,1024.0,7168.0
3,unmitigated,20,0.807421875,0.008973617184754314,-0.16740165000000004,0.16740165000000004,0.16762998519904518,2048.0,0.0,2048.0
3,zne_only,20,0.8289265950520829,0.011432662873350785,-0.14589692994791717,0.14589692994791717,0.14632185298028574,6144.0,0.0,6144.0
4,readout_mitigation,20,0.9632612219126919,0.022153864238678142,0.0012129638501920115,0.016583858948628034,0.021626957644855276,2560.0,1024.0,3584.0
4,readout_mitigation_plus_zne,20,0.9957307793632353,0.02320596898393679,0.03368252130073528,0.03500807054976692,0.04057219969183024,7680.0,1024.0,8704.0
4,unmitigated,20,0.75302734375,0.011923201103106799,-0.20902091431249997,0.20902091431249997,0.2093437298042416,2560.0,0.0,2560.0
4,zne_only,20,0.7776346842447912,0.015370857955074308,-0.18441357381770865,0.18441357381770865,0.1850211239798872,7680.0,0.0,7680.0
5,readout_mitigation,20,0.9492352424566851,0.020280628815715743,-0.00020859874659634459,0.015910095246295462,0.01976821244675095,3072.0,1024.0,4096.0
5,readout_mitigation_plus_zne,20,0.9922403272954756,0.024782001056479926,0.04279648609219433,0.04497637173940407,0.04914244010409522,9216.0,1024.0,10240.0
5,unmitigated,20,0.6987890625000001,0.010316416408938475,-0.2506547787032814,0.2506547787032814,0.2508563834386868,3072.0,0.0,3072.0
5,zne_only,20,0.7292203776041664,0.01278469192756879,-0.22022346359911507,0.22022346359911507,0.22057572361864636,9216.0,0.0,9216.0
