width,repeat_id,seed,qubit,P00,P10,P01,P11,local_condition_number,shots_per_calibration,calibration_seed_0,calibration_seed_1,counts_0_json,counts_1_json,global_condition_number
2,0,71000,0,0.970703125,0.029296875,0.072265625,0.927734375,1.1233090310960927,512,3790823561,2203236690,"{""01"": 15, ""10"": 12, ""00"": 485}","{""01"": 17, ""11"": 458, ""00"": 3, ""10"": 34}",1.2005777329330816
2,0,71000,1,0.9765625,0.0234375,0.0390625,0.9609375,1.068786682647421,512,3790823561,2203236690,"{""01"": 15, ""10"": 12, ""00"": 485}","{""01"": 17, ""11"": 458, ""00"": 3, ""10"": 34}",1.2005777329330816
2,1,71001,0,0.97265625,0.02734375,0.056640625,0.943359375,1.097354598052859,512,1179370145,2222232042,"{""01"": 14, ""10"": 17, ""00"": 481}","{""00"": 1, ""10"": 28, ""01"": 31, ""11"": 452}",1.2190889287611326
2,1,71001,1,0.966796875,0.033203125,0.0625,0.9375,1.1109343606198747,512,1179370145,2222232042,"{""01"": 14, ""10"": 17, ""00"": 481}","{""00"": 1, ""10"": 28, ""01"": 31, ""11"": 452}",1.2190889287611326
2,2,71002,0,0.97265625,0.02734375,0.05078125,0.94921875,1.088635671852106,512,4037087068,2072221250,"{""01"": 13, ""11"": 1, ""10"": 13, ""00"": 485}","{""01"": 24, ""00"": 3, ""10"": 23, ""11"": 462}",1.1882533067058454
2,2,71002,1,0.97265625,0.02734375,0.052734375,0.947265625,1.0915068626074493,512,4037087068,2072221250,"{""01"": 13, ""11"": 1, ""10"": 13, ""00"": 485}","{""01"": 24, ""00"": 3, ""10"": 23, ""11"": 462}",1.1882533067058454
2,3,71003,0,0.982421875,0.017578125,0.05078125,0.94921875,1.081895771642855,512,3627397624,1415866768,"{""01"": 9, ""10"": 17, ""00"": 486}","{""01"": 21, ""00"": 4, ""10"": 22, ""11"": 465}",1.180389734143894
2,3,71003,1,0.966796875,0.033203125,0.048828125,0.951171875,1.0910383098655396,512,3627397624,1415866768,"{""01"": 9, ""10"": 17, ""00"": 486}","{""01"": 21, ""00"": 4, ""10"": 22, ""11"": 465}",1.180389734143894
2,4,71004,0,0.986328125,0.013671875,0.064453125,0.935546875,1.101869759567596,512,2567564424,2887247085,"{""01"": 7, ""10"": 17, ""00"": 488}","{""01"": 21, ""00"": 1, ""10"": 32, ""11"": 458}",1.1934948904561713
2,4,71004,1,0.966796875,0.033203125,0.04296875,0.95703125,1.0831542295203125,512,2567564424,2887247085,"{""01"": 7, ""10"": 17, ""00"": 488}","{""01"": 21, ""00"": 1, ""10"": 32, ""11"": 458}",1.1934948904561713
2,5,71005,0,0.970703125,0.029296875,0.048828125,0.951171875,1.0874632845106909,512,1826847010,2304604764,"{""11"": 1, ""01"": 14, ""10"": 18, ""00"": 479}","{""00"": 2, ""10"": 23, ""01"": 32, ""11"": 455}",1.2182431083684837
2,5,71005,1,0.962890625,0.037109375,0.06640625,0.93359375,1.120261369483051,512,1826847010,2304604764,"{""11"": 1, ""01"": 14, ""10"": 18, ""00"": 479}","{""00"": 2, ""10"": 23, ""01"": 32, ""11"": 455}",1.2182431083684837
2,6,71006,0,0.970703125,0.029296875,0.056640625,0.943359375,1.0988805650186309,512,3136535157,978180206,"{""01"": 15, ""10"": 19, ""00"": 478}","{""00"": 1, ""10"": 28, ""01"": 21, ""11"": 462}",1.1948032581619132
2,6,71006,1,0.962890625,0.037109375,0.04296875,0.95703125,1.0872912818707068,512,3136535157,978180206,"{""01"": 15, ""10"": 19, ""00"": 478}","{""00"": 1, ""10"": 28, ""01"": 21, ""11"": 462}",1.1948032581619132
2,7,71007,0,0.96484375,0.03515625,0.037109375,0.962890625,1.0779242478485698,512,3949426953,3567525998,"{""11"": 1, ""01"": 17, ""10"": 17, ""00"": 477}","{""00"": 1, ""10"": 18, ""01"": 31, ""11"": 462}",1.1993088548304882
2,7,71007,1,0.96484375,0.03515625,0.0625,0.9375,1.112609589425407,512,3949426953,3567525998,"{""11"": 1, ""01"": 17, ""10"": 17, ""00"": 477}","{""00"": 1, ""10"": 18, ""01"": 31, ""11"": 462}",1.1993088548304882
2,8,71008,0,0.962890625,0.037109375,0.046875,0.953125,1.0923294420704155,512,2683074438,2942072927,"{""01"": 19, ""10"": 14, ""00"": 479}","{""01"": 22, ""00"": 1, ""10"": 23, ""11"": 466}",1.179992928313527
2,8,71008,1,0.97265625,0.02734375,0.044921875,0.955078125,1.0802537063149678,512,2683074438,2942072927,"{""01"": 19, ""10"": 14, ""00"": 479}","{""01"": 22, ""00"": 1, ""10"": 23, ""11"": 466}",1.179992928313527
2,9,71009,0,0.953125,0.046875,0.060546875,0.939453125,1.1213764900430456,512,2750461103,3553607768,"{""11"": 1, ""01"": 23, ""10"": 20, ""00"": 468}","{""01"": 16, ""00"": 3, ""10"": 28, ""11"": 465}",1.216531943699275
2,9,71009,1,0.958984375,0.041015625,0.037109375,0.962890625,1.0848559377703533,512,2750461103,3553607768,"{""11"": 1, ""01"": 23, ""10"": 20, ""00"": 468}","{""01"": 16, ""00"": 3, ""10"": 28, ""11"": 465}",1.216531943699275
2,10,71010,0,0.966796875,0.033203125,0.0546875,0.9453125,1.0993312078621877,512,3522459052,3484568543,"{""11"": 1, ""01"": 16, ""10"": 16, ""00"": 479}","{""00"": 1, ""10"": 27, ""01"": 25, ""11"": 459}",1.2024046686261551
2,10,71010,1,0.966796875,0.033203125,0.05078125,0.94921875,1.0937601516511202,512,3522459052,3484568543,"{""11"": 1, ""01"": 16, ""10"": 16, ""00"": 479}","{""00"": 1, ""10"": 27, ""01"": 25, ""11"": 459}",1.2024046686261551
2,11,71011,0,0.962890625,0.037109375,0.05859375,0.94140625,1.1086012297755359,512,4048896252,657475754,"{""01"": 19, ""10"": 16, ""00"": 477}","{""00"": 1, ""10"": 29, ""01"": 22, ""11"": 460}",1.2015275678192003
2,11,71011,1,0.96875,0.03125,0.044921875,0.955078125,1.0838230515606408,512,4048896252,657475754,"{""01"": 19, ""10"": 16, ""00"": 477}","{""00"": 1, ""10"": 29, ""01"": 22, ""11"": 460}",1.2015275678192003
2,12,71012,0,0.984375,0.015625,0.046875,0.953125,1.074819919915948,512,3112878628,4182985658,"{""01"": 8, ""10"": 17, ""00"": 487}","{""00"": 2, ""10"": 22, ""01"": 28, ""11"": 460}",1.1877405010386997
2,12,71012,1,0.966796875,0.033203125,0.05859375,0.94140625,1.1050600003129656,512,3112878628,4182985658,"{""01"": 8, ""10"": 17, ""00"": 487}","{""00"": 2, ""10"": 22, ""01"": 28, ""11"": 460}",1.1877405010386997
2,13,71013,0,0.966796875,0.033203125,0.0546875,0.9453125,1.0993312078621877,512,1647103913,3256941043,"{""01"": 17, ""10"": 14, ""00"": 481}","{""00"": 2, ""10"": 26, ""01"": 27, ""11"": 457}",1.2063561557305746
2,13,71013,1,0.97265625,0.02734375,0.056640625,0.943359375,1.097354598052859,512,1647103913,3256941043,"{""01"": 17, ""10"": 14, ""00"": 481}","{""00"": 2, ""10"": 26, ""01"": 27, ""11"": 457}",1.2063561557305746
2,14,71014,0,0.96484375,0.03515625,0.046875,0.953125,1.0903081557797938,512,2789857883,4025558871,"{""11"": 1, ""01"": 17, ""00"": 479, ""10"": 15}","{""10"": 24, ""01"": 22, ""11"": 466}",1.1788419608013134
2,14,71014,1,0.96875,0.03125,0.04296875,0.95703125,1.0812007179366638,512,2789857883,4025558871,"{""11"": 1, ""01"": 17, ""00"": 479, ""10"": 15}","{""10"": 24, ""01"": 22, ""11"": 466}",1.1788419608013134
2,15,71015,0,0.966796875,0.033203125,0.0546875,0.9453125,1.0993312078621877,512,2690404439,3380788800,"{""01"": 17, ""10"": 12, ""00"": 483}","{""00"": 3, ""10"": 25, ""01"": 26, ""11"": 458}",1.2032839673858458
2,15,71015,1,0.9765625,0.0234375,0.056640625,0.943359375,1.0945600004622904,512,2690404439,3380788800,"{""01"": 17, ""10"": 12, ""00"": 483}","{""00"": 3, ""10"": 25, ""01"": 26, ""11"": 458}",1.2032839673858458
2,16,71016,0,0.990234375,0.009765625,0.046875,0.953125,1.0721904338806172,512,18234913,1411175547,"{""11"": 1, ""01"": 4, ""10"": 12, ""00"": 495}","{""00"": 2, ""10"": 22, ""01"": 21, ""11"": 467}",1.1564670013806029
2,16,71016,1,0.974609375,0.025390625,0.044921875,0.955078125,1.078602237845903,512,18234913,1411175547,"{""11"": 1, ""01"": 4, ""10"": 12, ""00"": 495}","{""00"": 2, ""10"": 22, ""01"": 21, ""11"": 467}",1.1564670013806029
2,17,71017,0,0.966796875,0.033203125,0.05078125,0.94921875,1.0937601516511202,512,2721176085,1740764754,"{""11"": 1, ""01"": 16, ""10"": 17, ""00"": 478}","{""01"": 29, ""10"": 26, ""11"": 457}",1.207447374533914
2,17,71017,1,0.96484375,0.03515625,0.056640625,0.943359375,1.1039416390432342,512,2721176085,1740764754,"{""11"": 1, ""01"": 16, ""10"": 17, ""00"": 478}","{""01"": 29, ""10"": 26, ""11"": 457}",1.207447374533914
2,18,71018,0,0.98046875,0.01953125,0.068359375,0.931640625,1.1109633022788086,512,2707418898,4210623144,"{""01"": 10, ""10"": 16, ""00"": 486}","{""00"": 3, ""10"": 32, ""01"": 24, ""11"": 453}",1.2162498708088658
2,18,71018,1,0.96875,0.03125,0.052734375,0.947265625,1.0947705188048003,512,2707418898,4210623144,"{""01"": 10, ""10"": 16, ""00"": 486}","{""00"": 3, ""10"": 32, ""01"": 24, ""11"": 453}",1.2162498708088658
2,19,71019,0,0.982421875,0.017578125,0.044921875,0.955078125,1.072982830468392,512,2074471695,3421237555,"{""01"": 9, ""10"": 11, ""00"": 492}","{""00"": 1, ""10"": 22, ""01"": 16, ""11"": 473}",1.136505903429871
2,19,71019,1,0.978515625,0.021484375,0.033203125,0.966796875,1.0592023200723064,512,2074471695,3421237555,"{""01"": 9, ""10"": 11, ""00"": 492}","{""00"": 1, ""10"": 22, ""01"": 16, ""11"": 473}",1.136505903429871
3,0,72000,0,0.986328125,0.013671875,0.033203125,0.966796875,1.053385349896544,512,1243533939,993995751,"{""100"": 12, ""001"": 7, ""010"": 13, ""000"": 480}","{""000"": 1, ""110"": 16, ""101"": 26, ""111"": 448, ""011"": 21}",1.2334479558956735
3,0,72000,1,0.974609375,0.025390625,0.052734375,0.947265625,1.0900038748856562,512,1243533939,993995751,"{""100"": 12, ""001"": 7, ""010"": 13, ""000"": 480}","{""000"": 1, ""110"": 16, ""101"": 26, ""111"": 448, ""011"": 21}",1.2334479558956735
3,0,72000,2,0.9765625,0.0234375,0.04296875,0.95703125,1.0742503743795389,512,1243533939,993995751,"{""100"": 12, ""001"": 7, ""010"": 13, ""000"": 480}","{""000"": 1, ""110"": 16, ""101"": 26, ""111"": 448, ""011"": 21}",1.2334479558956735
3,1,72001,0,0.962890625,0.037109375,0.04296875,0.95703125,1.0872912818707068,512,3822174810,3952884936,"{""110"": 1, ""001"": 18, ""100"": 18, ""011"": 1, ""000"": 463, ""010"": 11}","{""100"": 1, ""001"": 2, ""110"": 21, ""101"": 24, ""011"": 31, ""111"": 433}",1.3241605435277908
3,1,72001,1,0.974609375,0.025390625,0.052734375,0.947265625,1.0900038748856562,512,3822174810,3952884936,"{""110"": 1, ""001"": 18, ""100"": 18, ""011"": 1, ""000"": 463, ""010"": 11}","{""100"": 1, ""001"": 2, ""110"": 21, ""101"": 24, ""011"": 31, ""111"": 433}",1.3241605435277908
3,1,72001,2,0.962890625,0.037109375,0.064453125,0.935546875,1.1172920158180508,512,3822174810,3952884936,"{""110"": 1, ""001"": 18, ""100"": 18, ""011"": 1, ""000"": 463, ""010"": 11}","{""100"": 1, ""001"": 2, ""110"": 21, ""101"": 24, ""011"": 31, ""111"": 433}",1.3241605435277908
3,2,72002,0,0.982421875,0.017578125,0.0625,0.9375,1.100422355786622,512,1672124857,2665386450,"{""001"": 7, ""101"": 2, ""100"": 22, ""010"": 17, ""000"": 464}","{""001"": 1, ""010"": 1, ""100"": 1, ""101"": 24, ""110"": 30, ""011"": 23, ""111"": 432}",1.3310046144228183
3,2,72002,1,0.966796875,0.033203125,0.05078125,0.94921875,1.0937601516511202,512,1672124857,2665386450,"{""001"": 7, ""101"": 2, ""100"": 22, ""010"": 17, ""000"": 464}","{""001"": 1, ""010"": 1, ""100"": 1, ""101"": 24, ""110"": 30, ""011"": 23, ""111"": 432}",1.3310046144228183
3,2,72002,2,0.953125,0.046875,0.048828125,0.951171875,1.1058546779607306,512,1672124857,2665386450,"{""001"": 7, ""101"": 2, ""100"": 22, ""010"": 17, ""000"": 464}","{""001"": 1, ""010"": 1, ""100"": 1, ""101"": 24, ""110"": 30, ""011"": 23, ""111"": 432}",1.3310046144228183
3,3,72003,0,0.97265625,0.02734375,0.037109375,0.962890625,1.0697063172462224,512,2135259043,1264431207,"{""100"": 16, ""001"": 14, ""010"": 8, ""000"": 474}","{""100"": 1, ""110"": 16, ""001"": 2, ""010"": 2, ""101"": 18, ""011"": 32, ""111"": 441}",1.2789241395562005
3,3,72003,1,0.984375,0.015625,0.041015625,0.958984375,1.0659822510471162,512,2135259043,1264431207,"{""100"": 16, ""001"": 14, ""010"": 8, ""000"": 474}","{""100"": 1, ""110"": 16, ""001"": 2, ""010"": 2, ""101"": 18, ""011"": 32, ""111"": 441}",1.2789241395562005
3,3,72003,2,0.96875,0.03125,0.0703125,0.9296875,1.1215799849325687,512,2135259043,1264431207,"{""100"": 16, ""001"": 14, ""010"": 8, ""000"": 474}","{""100"": 1, ""110"": 16, ""001"": 2, ""010"": 2, ""101"": 18, ""011"": 32, ""111"": 441}",1.2789241395562005
3,4,72004,0,0.958984375,0.041015625,0.04296875,0.95703125,1.0917103114946527,512,1046452222,4022422605,"{""110"": 1, ""101"": 1, ""100"": 20, ""001"": 20, ""010"": 13, ""000"": 457}","{""001"": 1, ""010"": 1, ""110"": 21, ""101"": 27, ""011"": 25, ""111"": 437}",1.321918138661505
3,4,72004,1,0.97265625,0.02734375,0.0546875,0.9453125,1.0944136702534173,512,1046452222,4022422605,"{""110"": 1, ""101"": 1, ""100"": 20, ""001"": 20, ""010"": 13, ""000"": 457}","{""001"": 1, ""010"": 1, ""110"": 21, ""101"": 27, ""011"": 25, ""111"": 437}",1.321918138661505
3,4,72004,2,0.95703125,0.04296875,0.052734375,0.947265625,1.1064088482289895,512,1046452222,4022422605,"{""110"": 1, ""101"": 1, ""100"": 20, ""001"": 20, ""010"": 13, ""000"": 457}","{""001"": 1, ""010"": 1, ""110"": 21, ""101"": 27, ""011"": 25, ""111"": 437}",1.321918138661505
3,5,72005,0,0.9609375,0.0390625,0.05859375,0.94140625,1.1104806453765543,512,174224633,3419673942,"{""011"": 1, ""110"": 1, ""100"": 12, ""001"": 19, ""010"": 13, ""000"": 466}","{""010"": 2, ""100"": 2, ""110"": 26, ""101"": 24, ""011"": 23, ""111"": 435}",1.3126901690969415
3,5,72005,1,0.970703125,0.029296875,0.05078125,0.94921875,1.0902603619510776,512,174224633,3419673942,"{""011"": 1, ""110"": 1, ""100"": 12, ""001"": 19, ""010"": 13, ""000"": 466}","{""010"": 2, ""100"": 2, ""110"": 26, ""101"": 24, ""011"": 23, ""111"": 435}",1.3126901690969415
3,5,72005,2,0.974609375,0.025390625,0.048828125,0.951171875,1.0842289924789559,512,174224633,3419673942,"{""011"": 1, ""110"": 1, ""100"": 12, ""001"": 19, ""010"": 13, ""000"": 466}","{""010"": 2, ""100"": 2, ""110"": 26, ""101"": 24, ""011"": 23, ""111"": 435}",1.3126901690969415
3,6,72006,0,0.96875,0.03125,0.04296875,0.95703125,1.0812007179366638,512,3466075280,3238879888,"{""101"": 1, ""100"": 18, ""001"": 15, ""010"": 16, ""000"": 462}","{""001"": 2, ""100"": 1, ""101"": 15, ""011"": 29, ""111"": 444, ""110"": 21}",1.2873423920688842
3,6,72006,1,0.96875,0.03125,0.03515625,0.96484375,1.0712568927539587,512,3466075280,3238879888,"{""101"": 1, ""100"": 18, ""001"": 15, ""010"": 16, ""000"": 462}","{""001"": 2, ""100"": 1, ""101"": 15, ""011"": 29, ""111"": 444, ""110"": 21}",1.2873423920688842
3,6,72006,2,0.962890625,0.037109375,0.060546875,0.939453125,1.1114607125666387,512,3466075280,3238879888,"{""101"": 1, ""100"": 18, ""001"": 15, ""010"": 16, ""000"": 462}","{""001"": 2, ""100"": 1, ""101"": 15, ""011"": 29, ""111"": 444, ""110"": 21}",1.2873423920688842
3,7,72007,0,0.9609375,0.0390625,0.0625,0.9375,1.1161776978947757,512,2618234285,3573910640,"{""110"": 1, ""101"": 1, ""100"": 20, ""001"": 19, ""010"": 14, ""000"": 457}","{""010"": 1, ""100"": 2, ""001"": 3, ""110"": 29, ""101"": 25, ""011"": 14, ""111"": 438}",1.3345965617710902
3,7,72007,1,0.970703125,0.029296875,0.05859375,0.94140625,1.1018249337741755,512,2618234285,3573910640,"{""110"": 1, ""101"": 1, ""100"": 20, ""001"": 19, ""010"": 14, ""000"": 457}","{""010"": 1, ""100"": 2, ""001"": 3, ""110"": 29, ""101"": 25, ""011"": 14, ""111"": 438}",1.3345965617710902
3,7,72007,2,0.95703125,0.04296875,0.03515625,0.96484375,1.0851857067428432,512,2618234285,3573910640,"{""110"": 1, ""101"": 1, ""100"": 20, ""001"": 19, ""010"": 14, ""000"": 457}","{""010"": 1, ""100"": 2, ""001"": 3, ""110"": 29, ""101"": 25, ""011"": 14, ""111"": 438}",1.3345965617710902
3,8,72008,0,0.974609375,0.025390625,0.044921875,0.955078125,1.078602237845903,512,3006890873,2814901480,"{""101"": 1, ""001"": 12, ""100"": 13, ""110"": 2, ""010"": 11, ""000"": 473}","{""100"": 1, ""110"": 22, ""101"": 15, ""001"": 5, ""011"": 22, ""111"": 447}",1.2671881168142318
3,8,72008,1,0.974609375,0.025390625,0.041015625,0.958984375,1.0731407361253607,512,3006890873,2814901480,"{""101"": 1, ""001"": 12, ""100"": 13, ""110"": 2, ""010"": 11, ""000"": 473}","{""100"": 1, ""110"": 22, ""101"": 15, ""001"": 5, ""011"": 22, ""111"": 447}",1.2671881168142318
3,8,72008,2,0.96875,0.03125,0.052734375,0.947265625,1.0947705188048003,512,3006890873,2814901480,"{""101"": 1, ""001"": 12, ""100"": 13, ""110"": 2, ""010"": 11, ""000"": 473}","{""100"": 1, ""110"": 22, ""101"": 15, ""001"": 5, ""011"": 22, ""111"": 447}",1.2671881168142318
3,9,72009,0,0.96875,0.03125,0.068359375,0.931640625,1.118473129721848,512,1903755156,1345259756,"{""011"": 1, ""110"": 1, ""001"": 15, ""100"": 20, ""010"": 21, ""000"": 454}","{""100"": 1, ""010"": 1, ""101"": 17, ""110"": 33, ""001"": 4, ""011"": 19, ""111"": 437}",1.3447148351854452
3,9,72009,1,0.955078125,0.044921875,0.04296875,0.95703125,1.096384626404153,512,1903755156,1345259756,"{""011"": 1, ""110"": 1, ""001"": 15, ""100"": 20, ""010"": 21, ""000"": 454}","{""100"": 1, ""010"": 1, ""101"": 17, ""110"": 33, ""001"": 4, ""011"": 19, ""111"": 437}",1.3447148351854452
3,9,72009,2,0.958984375,0.041015625,0.046875,0.953125,1.0965834924669928,512,1903755156,1345259756,"{""011"": 1, ""110"": 1, ""001"": 15, ""100"": 20, ""010"": 21, ""000"": 454}","{""100"": 1, ""010"": 1, ""101"": 17, ""110"": 33, ""001"": 4, ""011"": 19, ""111"": 437}",1.3447148351854452
3,10,72010,0,0.9765625,0.0234375,0.046875,0.953125,1.0798785641035038,512,3967157806,823138491,"{""110"": 1, ""100"": 11, ""001"": 12, ""010"": 8, ""000"": 480}","{""100"": 1, ""110"": 21, ""010"": 2, ""101"": 23, ""011"": 29, ""111"": 436}",1.278806569057827
3,10,72010,1,0.982421875,0.017578125,0.046875,0.953125,1.0759252073562602,512,3967157806,823138491,"{""110"": 1, ""100"": 11, ""001"": 12, ""010"": 8, ""000"": 480}","{""100"": 1, ""110"": 21, ""010"": 2, ""101"": 23, ""011"": 29, ""111"": 436}",1.278806569057827
3,10,72010,2,0.9765625,0.0234375,0.060546875,0.939453125,1.1006464967515306,512,3967157806,823138491,"{""110"": 1, ""100"": 11, ""001"": 12, ""010"": 8, ""000"": 480}","{""100"": 1, ""110"": 21, ""010"": 2, ""101"": 23, ""011"": 29, ""111"": 436}",1.278806569057827
3,11,72011,0,0.970703125,0.029296875,0.04296875,0.95703125,1.0793292414836697,512,1991475090,2305386080,"{""101"": 1, ""001"": 14, ""100"": 13, ""010"": 16, ""000"": 468}","{""001"": 1, ""101"": 19, ""110"": 21, ""011"": 17, ""111"": 453, ""010"": 1}",1.2424424351500605
3,11,72011,1,0.96875,0.03125,0.0390625,0.9609375,1.0761127383069842,512,1991475090,2305386080,"{""101"": 1, ""001"": 14, ""100"": 13, ""010"": 16, ""000"": 468}","{""001"": 1, ""101"": 19, ""110"": 21, ""011"": 17, ""111"": 453, ""010"": 1}",1.2424424351500605
3,11,72011,2,0.97265625,0.02734375,0.037109375,0.962890625,1.0697063172462224,512,1991475090,2305386080,"{""101"": 1, ""001"": 14, ""100"": 13, ""010"": 16, ""000"": 468}","{""001"": 1, ""101"": 19, ""110"": 21, ""011"": 17, ""111"": 453, ""010"": 1}",1.2424424351500605
3,12,72012,0,0.95703125,0.04296875,0.041015625,0.958984375,1.0917103114946525,512,1015332156,2819281653,"{""111"": 1, ""101"": 1, ""001"": 20, ""100"": 20, ""010"": 18, ""000"": 452}","{""001"": 2, ""110"": 21, ""101"": 18, ""011"": 22, ""111"": 449}",1.2985245843390363
3,12,72012,1,0.962890625,0.037109375,0.0390625,0.9609375,1.0824806048774949,512,1015332156,2819281653,"{""111"": 1, ""101"": 1, ""001"": 20, ""100"": 20, ""010"": 18, ""000"": 452}","{""001"": 2, ""110"": 21, ""101"": 18, ""011"": 22, ""111"": 449}",1.2985245843390363
3,12,72012,2,0.95703125,0.04296875,0.046875,0.953125,1.0988100938444367,512,1015332156,2819281653,"{""111"": 1, ""101"": 1, ""001"": 20, ""100"": 20, ""010"": 18, ""000"": 452}","{""001"": 2, ""110"": 21, ""101"": 18, ""011"": 22, ""111"": 449}",1.2985245843390363
3,13,72013,0,0.98828125,0.01171875,0.048828125,0.951171875,1.076000136466685,512,3154286013,343239817,"{""101"": 1, ""100"": 16, ""001"": 5, ""010"": 18, ""000"": 472}","{""100"": 1, ""001"": 2, ""010"": 3, ""110"": 21, ""101"": 28, ""011"": 25, ""111"": 432}",1.3194630912417231
3,13,72013,1,0.96484375,0.03515625,0.060546875,0.939453125,1.1096833271946425,512,3154286013,343239817,"{""101"": 1, ""100"": 16, ""001"": 5, ""010"": 18, ""000"": 472}","{""100"": 1, ""001"": 2, ""010"": 3, ""110"": 21, ""101"": 28, ""011"": 25, ""111"": 432}",1.3194630912417231
3,13,72013,2,0.966796875,0.033203125,0.05859375,0.94140625,1.1050600003129656,512,3154286013,343239817,"{""101"": 1, ""100"": 16, ""001"": 5, ""010"": 18, ""000"": 472}","{""100"": 1, ""001"": 2, ""010"": 3, ""110"": 21, ""101"": 28, ""011"": 25, ""111"": 432}",1.3194630912417231
3,14,72014,0,0.970703125,0.029296875,0.037109375,0.962890625,1.0716372281214317,512,2134582579,2888799742,"{""011"": 1, ""100"": 15, ""001"": 14, ""010"": 9, ""000"": 473}","{""010"": 1, ""110"": 18, ""001"": 3, ""101"": 22, ""011"": 29, ""111"": 439}",1.2857596107202063
3,14,72014,1,0.98046875,0.01953125,0.048828125,0.951171875,1.080078799132169,512,2134582579,2888799742,"{""011"": 1, ""100"": 15, ""001"": 14, ""010"": 9, ""000"": 473}","{""010"": 1, ""110"": 18, ""001"": 3, ""101"": 22, ""011"": 29, ""111"": 439}",1.2857596107202063
3,14,72014,2,0.970703125,0.029296875,0.064453125,0.935546875,1.1108528804310722,512,2134582579,2888799742,"{""011"": 1, ""100"": 15, ""001"": 14, ""010"": 9, ""000"": 473}","{""010"": 1, ""110"": 18, ""001"": 3, ""101"": 22, ""011"": 29, ""111"": 439}",1.2857596107202063
3,15,72015,0,0.9765625,0.0234375,0.04296875,0.95703125,1.0742503743795389,512,2303665654,1091044379,"{""110"": 2, ""100"": 11, ""001"": 12, ""010"": 12, ""000"": 475}","{""100"": 1, ""010"": 1, ""110"": 20, ""101"": 16, ""011"": 28, ""111"": 446}",1.2535260661431828
3,15,72015,1,0.97265625,0.02734375,0.033203125,0.966796875,1.0647595958597011,512,2303665654,1091044379,"{""110"": 2, ""100"": 11, ""001"": 12, ""010"": 12, ""000"": 475}","{""100"": 1, ""010"": 1, ""110"": 20, ""101"": 16, ""011"": 28, ""111"": 446}",1.2535260661431828
3,15,72015,2,0.974609375,0.025390625,0.056640625,0.943359375,1.0959135402931723,512,2303665654,1091044379,"{""110"": 2, ""100"": 11, ""001"": 12, ""010"": 12, ""000"": 475}","{""100"": 1, ""010"": 1, ""110"": 20, ""101"": 16, ""011"": 28, ""111"": 446}",1.2535260661431828
3,16,72016,0,0.97265625,0.02734375,0.04296875,0.95703125,1.077544056325814,512,3599967616,3732906424,"{""110"": 1, ""100"": 17, ""001"": 14, ""010"": 14, ""000"": 466}","{""001"": 1, ""100"": 2, ""010"": 2, ""101"": 22, ""110"": 18, ""011"": 25, ""111"": 442}",1.2902916024604594
3,16,72016,1,0.970703125,0.029296875,0.048828125,0.951171875,1.0874632845106909,512,3599967616,3732906424,"{""110"": 1, ""100"": 17, ""001"": 14, ""010"": 14, ""000"": 466}","{""001"": 1, ""100"": 2, ""010"": 2, ""101"": 22, ""110"": 18, ""011"": 25, ""111"": 442}",1.2902916024604594
3,16,72016,2,0.96484375,0.03515625,0.0546875,0.9453125,1.101129079738533,512,3599967616,3732906424,"{""110"": 1, ""100"": 17, ""001"": 14, ""010"": 14, ""000"": 466}","{""001"": 1, ""100"": 2, ""010"": 2, ""101"": 22, ""110"": 18, ""011"": 25, ""111"": 442}",1.2902916024604594
3,17,72017,0,0.97265625,0.02734375,0.033203125,0.966796875,1.0647595958597011,512,1382942886,2790278048,"{""001"": 14, ""100"": 18, ""000"": 469, ""010"": 11}","{""010"": 1, ""110"": 16, ""101"": 29, ""011"": 21, ""111"": 445}",1.2632624922123201
3,17,72017,1,0.978515625,0.021484375,0.056640625,0.943359375,1.0932965406969195,512,1382942886,2790278048,"{""001"": 14, ""100"": 18, ""000"": 469, ""010"": 11}","{""010"": 1, ""110"": 16, ""101"": 29, ""011"": 21, ""111"": 445}",1.2632624922123201
3,17,72017,2,0.96484375,0.03515625,0.04296875,0.95703125,1.0851857067428436,512,1382942886,2790278048,"{""001"": 14, ""100"": 18, ""000"": 469, ""010"": 11}","{""010"": 1, ""110"": 16, ""101"": 29, ""011"": 21, ""111"": 445}",1.2632624922123201
3,18,72018,0,0.962890625,0.037109375,0.041015625,0.958984375,1.0848559377703528,512,2840538979,4056623680,"{""011"": 1, ""001"": 18, ""100"": 13, ""010"": 12, ""000"": 468}","{""100"": 1, ""010"": 1, ""000"": 1, ""101"": 34, ""110"": 18, ""011"": 23, ""111"": 434}",1.314471207144265
3,18,72018,1,0.974609375,0.025390625,0.0703125,0.9296875,1.1175269131833268,512,2840538979,4056623680,"{""011"": 1, ""001"": 18, ""100"": 13, ""010"": 12, ""000"": 468}","{""100"": 1, ""010"": 1, ""000"": 1, ""101"": 34, ""110"": 18, ""011"": 23, ""111"": 434}",1.314471207144265
3,18,72018,2,0.974609375,0.025390625,0.048828125,0.951171875,1.0842289924789559,512,2840538979,4056623680,"{""011"": 1, ""001"": 18, ""100"": 13, ""010"": 12, ""000"": 468}","{""100"": 1, ""010"": 1, ""000"": 1, ""101"": 34, ""110"": 18, ""011"": 23, ""111"": 434}",1.314471207144265
3,19,72019,0,0.97265625,0.02734375,0.03515625,0.96484375,1.0672023494812461,512,107089772,3533077112,"{""100"": 16, ""001"": 14, ""010"": 10, ""000"": 472}","{""100"": 1, ""010"": 1, ""110"": 16, ""101"": 23, ""011"": 23, ""111"": 448}",1.248952195690497
3,19,72019,1,0.98046875,0.01953125,0.046875,0.953125,1.0771392372348767,512,107089772,3533077112,"{""100"": 16, ""001"": 14, ""010"": 10, ""000"": 472}","{""100"": 1, ""010"": 1, ""110"": 16, ""101"": 23, ""011"": 23, ""111"": 448}",1.248952195690497
3,19,72019,2,0.96875,0.03125,0.046875,0.953125,1.0864936609574956,512,107089772,3533077112,"{""100"": 16, ""001"": 14, ""010"": 10, ""000"": 472}","{""100"": 1, ""010"": 1, ""110"": 16, ""101"": 23, ""011"": 23, ""111"": 448}",1.248952195690497
4,0,73000,0,0.96484375,0.03515625,0.06640625,0.93359375,1.1185667489242876,512,4269494214,3532834147,"{""0011"": 3, ""0100"": 18, ""0001"": 15, ""1100"": 1, ""1000"": 16, ""0010"": 14, ""0000"": 445}","{""1001"": 1, ""1110"": 33, ""0110"": 1, ""1101"": 14, ""1111"": 414, ""0111"": 30, ""1011"": 19}",1.4311897215330665
4,0,73000,1,0.966796875,0.033203125,0.029296875,0.970703125,1.066800952581871,512,4269494214,3532834147,"{""0011"": 3, ""0100"": 18, ""0001"": 15, ""1100"": 1, ""1000"": 16, ""0010"": 14, ""0000"": 445}","{""1001"": 1, ""1110"": 33, ""0110"": 1, ""1101"": 14, ""1111"": 414, ""0111"": 30, ""1011"": 19}",1.4311897215330665
4,0,73000,2,0.962890625,0.037109375,0.0390625,0.9609375,1.0824806048774949,512,4269494214,3532834147,"{""0011"": 3, ""0100"": 18, ""0001"": 15, ""1100"": 1, ""1000"": 16, ""0010"": 14, ""0000"": 445}","{""1001"": 1, ""1110"": 33, ""0110"": 1, ""1101"": 14, ""1111"": 414, ""0111"": 30, ""1011"": 19}",1.4311897215330665
4,0,73000,3,0.966796875,0.033203125,0.060546875,0.939453125,1.1079796526333061,512,4269494214,3532834147,"{""0011"": 3, ""0100"": 18, ""0001"": 15, ""1100"": 1, ""1000"": 16, ""0010"": 14, ""0000"": 445}","{""1001"": 1, ""1110"": 33, ""0110"": 1, ""1101"": 14, ""1111"": 414, ""0111"": 30, ""1011"": 19}",1.4311897215330665
4,1,73001,0,0.96875,0.03125,0.056640625,0.943359375,1.1004888107310442,512,3600630227,1051599527,"{""1001"": 1, ""1000"": 8, ""1010"": 2, ""0100"": 12, ""0001"": 15, ""0010"": 5, ""0000"": 469}","{""1010"": 1, ""0110"": 1, ""1101"": 24, ""0011"": 1, ""1011"": 23, ""0111"": 26, ""1001"": 2, ""1100"": 3, ""1110"": 24, ""1111"": 407}",1.4226183482043095
4,1,73001,1,0.986328125,0.013671875,0.056640625,0.943359375,1.0891915424421952,512,3600630227,1051599527,"{""1001"": 1, ""1000"": 8, ""1010"": 2, ""0100"": 12, ""0001"": 15, ""0010"": 5, ""0000"": 469}","{""1010"": 1, ""0110"": 1, ""1101"": 24, ""0011"": 1, ""1011"": 23, ""0111"": 26, ""1001"": 2, ""1100"": 3, ""1110"": 24, ""1111"": 407}",1.4226183482043095
4,1,73001,2,0.9765625,0.0234375,0.052734375,0.947265625,1.088590858507299,512,3600630227,1051599527,"{""1001"": 1, ""1000"": 8, ""1010"": 2, ""0100"": 12, ""0001"": 15, ""0010"": 5, ""0000"": 469}","{""1010"": 1, ""0110"": 1, ""1101"": 24, ""0011"": 1, ""1011"": 23, ""0111"": 26, ""1001"": 2, ""1100"": 3, ""1110"": 24, ""1111"": 407}",1.4226183482043095
4,1,73001,3,0.978515625,0.021484375,0.0546875,0.9453125,1.090269420021761,512,3600630227,1051599527,"{""1001"": 1, ""1000"": 8, ""1010"": 2, ""0100"": 12, ""0001"": 15, ""0010"": 5, ""0000"": 469}","{""1010"": 1, ""0110"": 1, ""1101"": 24, ""0011"": 1, ""1011"": 23, ""0111"": 26, ""1001"": 2, ""1100"": 3, ""1110"": 24, ""1111"": 407}",1.4226183482043095
4,2,73002,0,0.9765625,0.0234375,0.046875,0.953125,1.0798785641035038,512,2552332903,1649177573,"{""0110"": 1, ""0100"": 14, ""0001"": 11, ""1001"": 1, ""1000"": 19, ""0010"": 9, ""0000"": 457}","{""1100"": 1, ""0110"": 1, ""1101"": 22, ""1110"": 22, ""1111"": 418, ""0011"": 3, ""1011"": 19, ""0111"": 26}",1.3903931449592717
4,2,73002,1,0.98046875,0.01953125,0.044921875,0.955078125,1.0742311969926681,512,2552332903,1649177573,"{""0110"": 1, ""0100"": 14, ""0001"": 11, ""1001"": 1, ""1000"": 19, ""0010"": 9, ""0000"": 457}","{""1100"": 1, ""0110"": 1, ""1101"": 22, ""1110"": 22, ""1111"": 418, ""0011"": 3, ""1011"": 19, ""0111"": 26}",1.3903931449592717
4,2,73002,2,0.970703125,0.029296875,0.04296875,0.95703125,1.0793292414836697,512,2552332903,1649177573,"{""0110"": 1, ""0100"": 14, ""0001"": 11, ""1001"": 1, ""1000"": 19, ""0010"": 9, ""0000"": 457}","{""1100"": 1, ""0110"": 1, ""1101"": 22, ""1110"": 22, ""1111"": 418, ""0011"": 3, ""1011"": 19, ""0111"": 26}",1.3903931449592717
4,2,73002,3,0.9609375,0.0390625,0.05859375,0.94140625,1.1104806453765543,512,2552332903,1649177573,"{""0110"": 1, ""0100"": 14, ""0001"": 11, ""1001"": 1, ""1000"": 19, ""0010"": 9, ""0000"": 457}","{""1100"": 1, ""0110"": 1, ""1101"": 22, ""1110"": 22, ""1111"": 418, ""0011"": 3, ""1011"": 19, ""0111"": 26}",1.3903931449592717
4,3,73003,0,0.966796875,0.033203125,0.041015625,0.958984375,1.08062886734979,512,300987334,3866302087,"{""0110"": 1, ""1010"": 1, ""0001"": 17, ""1100"": 1, ""1000"": 14, ""0010"": 12, ""0000"": 449, ""0100"": 17}","{""1101"": 13, ""1100"": 1, ""0011"": 3, ""1011"": 19, ""0111"": 21, ""0101"": 1, ""1110"": 20, ""1111"": 434}",1.3566629014985494
4,3,73003,1,0.97265625,0.02734375,0.029296875,0.970703125,1.0600781344165098,512,300987334,3866302087,"{""0110"": 1, ""1010"": 1, ""0001"": 17, ""1100"": 1, ""1000"": 14, ""0010"": 12, ""0000"": 449, ""0100"": 17}","{""1101"": 13, ""1100"": 1, ""0011"": 3, ""1011"": 19, ""0111"": 21, ""0101"": 1, ""1110"": 20, ""1111"": 434}",1.3566629014985494
4,3,73003,2,0.962890625,0.037109375,0.04296875,0.95703125,1.0872912818707068,512,300987334,3866302087,"{""0110"": 1, ""1010"": 1, ""0001"": 17, ""1100"": 1, ""1000"": 14, ""0010"": 12, ""0000"": 449, ""0100"": 17}","{""1101"": 13, ""1100"": 1, ""0011"": 3, ""1011"": 19, ""0111"": 21, ""0101"": 1, ""1110"": 20, ""1111"": 434}",1.3566629014985494
4,3,73003,3,0.96875,0.03125,0.048828125,0.951171875,1.089209954717228,512,300987334,3866302087,"{""0110"": 1, ""1010"": 1, ""0001"": 17, ""1100"": 1, ""1000"": 14, ""0010"": 12, ""0000"": 449, ""0100"": 17}","{""1101"": 13, ""1100"": 1, ""0011"": 3, ""1011"": 19, ""0111"": 21, ""0101"": 1, ""1110"": 20, ""1111"": 434}",1.3566629014985494
4,4,73004,0,0.98046875,0.01953125,0.064453125,0.935546875,1.1045887142617687,512,2016357081,4036208450,"{""0101"": 1, ""0001"": 9, ""0100"": 14, ""1000"": 9, ""0010"": 11, ""0000"": 468}","{""0100"": 1, ""1001"": 1, ""1100"": 2, ""0010"": 1, ""0011"": 1, ""1011"": 17, ""0111"": 22, ""0110"": 1, ""1101"": 24, ""1110"": 28, ""1111"": 414}",1.3995341901763951
4,4,73004,1,0.978515625,0.021484375,0.0546875,0.9453125,1.090269420021761,512,2016357081,4036208450,"{""0101"": 1, ""0001"": 9, ""0100"": 14, ""1000"": 9, ""0010"": 11, ""0000"": 468}","{""0100"": 1, ""1001"": 1, ""1100"": 2, ""0010"": 1, ""0011"": 1, ""1011"": 17, ""0111"": 22, ""0110"": 1, ""1101"": 24, ""1110"": 28, ""1111"": 414}",1.3995341901763951
4,4,73004,2,0.970703125,0.029296875,0.0390625,0.9609375,1.0741468430293226,512,2016357081,4036208450,"{""0101"": 1, ""0001"": 9, ""0100"": 14, ""1000"": 9, ""0010"": 11, ""0000"": 468}","{""0100"": 1, ""1001"": 1, ""1100"": 2, ""0010"": 1, ""0011"": 1, ""1011"": 17, ""0111"": 22, ""0110"": 1, ""1101"": 24, ""1110"": 28, ""1111"": 414}",1.3995341901763951
4,4,73004,3,0.982421875,0.017578125,0.05078125,0.94921875,1.081895771642855,512,2016357081,4036208450,"{""0101"": 1, ""0001"": 9, ""0100"": 14, ""1000"": 9, ""0010"": 11, ""0000"": 468}","{""0100"": 1, ""1001"": 1, ""1100"": 2, ""0010"": 1, ""0011"": 1, ""1011"": 17, ""0111"": 22, ""0110"": 1, ""1101"": 24, ""1110"": 28, ""1111"": 414}",1.3995341901763951
4,5,73005,0,0.9765625,0.0234375,0.0546875,0.9453125,1.0915602263169897,512,206226053,3164940382,"{""1010"": 1, ""1000"": 15, ""0100"": 16, ""0001"": 12, ""0010"": 12, ""0000"": 456}","{""1100"": 2, ""1101"": 15, ""0011"": 3, ""1011"": 22, ""0111"": 29, ""1110"": 26, ""1111"": 415}",1.4017699520915818
4,5,73005,1,0.974609375,0.025390625,0.033203125,0.966796875,1.0628082504009577,512,206226053,3164940382,"{""1010"": 1, ""1000"": 15, ""0100"": 16, ""0001"": 12, ""0010"": 12, ""0000"": 456}","{""1100"": 2, ""1101"": 15, ""0011"": 3, ""1011"": 22, ""0111"": 29, ""1110"": 26, ""1111"": 415}",1.4017699520915818
4,5,73005,2,0.96875,0.03125,0.048828125,0.951171875,1.089209954717228,512,206226053,3164940382,"{""1010"": 1, ""1000"": 15, ""0100"": 16, ""0001"": 12, ""0010"": 12, ""0000"": 456}","{""1100"": 2, ""1101"": 15, ""0011"": 3, ""1011"": 22, ""0111"": 29, ""1110"": 26, ""1111"": 415}",1.4017699520915818
4,5,73005,3,0.96875,0.03125,0.0625,0.9375,1.1093345128435919,512,206226053,3164940382,"{""1010"": 1, ""1000"": 15, ""0100"": 16, ""0001"": 12, ""0010"": 12, ""0000"": 456}","{""1100"": 2, ""1101"": 15, ""0011"": 3, ""1011"": 22, ""0111"": 29, ""1110"": 26, ""1111"": 415}",1.4017699520915818
4,6,73006,0,0.966796875,0.033203125,0.04296875,0.95703125,1.0831542295203125,512,330571522,4149246070,"{""1000"": 20, ""0001"": 16, ""0100"": 14, ""0101"": 1, ""0010"": 20, ""0000"": 441}","{""1001"": 1, ""1100"": 1, ""0101"": 1, ""1110"": 18, ""0110"": 3, ""1101"": 24, ""0011"": 1, ""1011"": 24, ""0111"": 21, ""1111"": 418}",1.4312929128341527
4,6,73006,1,0.9609375,0.0390625,0.052734375,0.947265625,1.1022443831336197,512,330571522,4149246070,"{""1000"": 20, ""0001"": 16, ""0100"": 14, ""0101"": 1, ""0010"": 20, ""0000"": 441}","{""1001"": 1, ""1100"": 1, ""0101"": 1, ""1110"": 18, ""0110"": 3, ""1101"": 24, ""0011"": 1, ""1011"": 24, ""0111"": 21, ""1111"": 418}",1.4312929128341527
4,6,73006,2,0.970703125,0.029296875,0.05078125,0.94921875,1.0902603619510776,512,330571522,4149246070,"{""1000"": 20, ""0001"": 16, ""0100"": 14, ""0101"": 1, ""0010"": 20, ""0000"": 441}","{""1001"": 1, ""1100"": 1, ""0101"": 1, ""1110"": 18, ""0110"": 3, ""1101"": 24, ""0011"": 1, ""1011"": 24, ""0111"": 21, ""1111"": 418}",1.4312929128341527
4,6,73006,3,0.9609375,0.0390625,0.05078125,0.94921875,1.0995882833871948,512,330571522,4149246070,"{""1000"": 20, ""0001"": 16, ""0100"": 14, ""0101"": 1, ""0010"": 20, ""0000"": 441}","{""1001"": 1, ""1100"": 1, ""0101"": 1, ""1110"": 18, ""0110"": 3, ""1101"": 24, ""0011"": 1, ""1011"": 24, ""0111"": 21, ""1111"": 418}",1.4312929128341527
4,7,73007,0,0.962890625,0.037109375,0.0625,0.9375,1.114358071488352,512,3413284298,142003991,"{""0101"": 1, ""0110"": 2, ""0100"": 8, ""1100"": 1, ""1001"": 2, ""1000"": 16, ""0001"": 16, ""0010"": 17, ""0000"": 449}","{""1001"": 1, ""1110"": 31, ""0110"": 1, ""1101"": 24, ""1111"": 409, ""0011"": 1, ""0111"": 20, ""1011"": 25}",1.4441768194302735
4,7,73007,1,0.962890625,0.037109375,0.048828125,0.951171875,1.0949266286993133,512,3413284298,142003991,"{""0101"": 1, ""0110"": 2, ""0100"": 8, ""1100"": 1, ""1001"": 2, ""1000"": 16, ""0001"": 16, ""0010"": 17, ""0000"": 449}","{""1001"": 1, ""1110"": 31, ""0110"": 1, ""1101"": 24, ""1111"": 409, ""0011"": 1, ""0111"": 20, ""1011"": 25}",1.4441768194302735
4,7,73007,2,0.9765625,0.0234375,0.052734375,0.947265625,1.088590858507299,512,3413284298,142003991,"{""0101"": 1, ""0110"": 2, ""0100"": 8, ""1100"": 1, ""1001"": 2, ""1000"": 16, ""0001"": 16, ""0010"": 17, ""0000"": 449}","{""1001"": 1, ""1110"": 31, ""0110"": 1, ""1101"": 24, ""1111"": 409, ""0011"": 1, ""0111"": 20, ""1011"": 25}",1.4441768194302735
4,7,73007,3,0.962890625,0.037109375,0.04296875,0.95703125,1.0872912818707068,512,3413284298,142003991,"{""0101"": 1, ""0110"": 2, ""0100"": 8, ""1100"": 1, ""1001"": 2, ""1000"": 16, ""0001"": 16, ""0010"": 17, ""0000"": 449}","{""1001"": 1, ""1110"": 31, ""0110"": 1, ""1101"": 24, ""1111"": 409, ""0011"": 1, ""0111"": 20, ""1011"": 25}",1.4441768194302735
4,8,73008,0,0.96875,0.03125,0.05859375,0.94140625,1.1034029793293874,512,389627681,2363535032,"{""0110"": 1, ""1010"": 1, ""0001"": 15, ""0100"": 19, ""1001"": 1, ""1000"": 12, ""0010"": 10, ""0000"": 453}","{""1001"": 1, ""0110"": 1, ""1101"": 16, ""1110"": 29, ""0111"": 25, ""1011"": 24, ""1111"": 416}",1.3980150017087571
4,8,73008,1,0.9765625,0.0234375,0.033203125,0.966796875,1.06095348942978,512,389627681,2363535032,"{""0110"": 1, ""1010"": 1, ""0001"": 15, ""0100"": 19, ""1001"": 1, ""1000"": 12, ""0010"": 10, ""0000"": 453}","{""1001"": 1, ""0110"": 1, ""1101"": 16, ""1110"": 29, ""0111"": 25, ""1011"": 24, ""1111"": 416}",1.3980150017087571
4,8,73008,2,0.9609375,0.0390625,0.048828125,0.951171875,1.096980159991301,512,389627681,2363535032,"{""0110"": 1, ""1010"": 1, ""0001"": 15, ""0100"": 19, ""1001"": 1, ""1000"": 12, ""0010"": 10, ""0000"": 453}","{""1001"": 1, ""0110"": 1, ""1101"": 16, ""1110"": 29, ""0111"": 25, ""1011"": 24, ""1111"": 416}",1.3980150017087571
4,8,73008,3,0.97265625,0.02734375,0.05078125,0.94921875,1.088635671852106,512,389627681,2363535032,"{""0110"": 1, ""1010"": 1, ""0001"": 15, ""0100"": 19, ""1001"": 1, ""1000"": 12, ""0010"": 10, ""0000"": 453}","{""1001"": 1, ""0110"": 1, ""1101"": 16, ""1110"": 29, ""0111"": 25, ""1011"": 24, ""1111"": 416}",1.3980150017087571
4,9,73009,0,0.962890625,0.037109375,0.048828125,0.951171875,1.0949266286993133,512,1855384755,1737997393,"{""0101"": 1, ""0100"": 9, ""1001"": 2, ""1000"": 11, ""0001"": 16, ""0010"": 20, ""0000"": 453}","{""1010"": 3, ""1001"": 2, ""0011"": 2, ""1011"": 13, ""0111"": 21, ""1101"": 21, ""1110"": 22, ""1111"": 428}",1.3742853634210084
4,9,73009,1,0.9609375,0.0390625,0.044921875,0.955078125,1.0919170939933114,512,1855384755,1737997393,"{""0101"": 1, ""0100"": 9, ""1001"": 2, ""1000"": 11, ""0001"": 16, ""0010"": 20, ""0000"": 453}","{""1010"": 3, ""1001"": 2, ""0011"": 2, ""1011"": 13, ""0111"": 21, ""1101"": 21, ""1110"": 22, ""1111"": 428}",1.3742853634210084
4,9,73009,2,0.98046875,0.01953125,0.0390625,0.9609375,1.0657146139635367,512,1855384755,1737997393,"{""0101"": 1, ""0100"": 9, ""1001"": 2, ""1000"": 11, ""0001"": 16, ""0010"": 20, ""0000"": 453}","{""1010"": 3, ""1001"": 2, ""0011"": 2, ""1011"": 13, ""0111"": 21, ""1101"": 21, ""1110"": 22, ""1111"": 428}",1.3742853634210084
4,9,73009,3,0.974609375,0.025390625,0.044921875,0.955078125,1.078602237845903,512,1855384755,1737997393,"{""0101"": 1, ""0100"": 9, ""1001"": 2, ""1000"": 11, ""0001"": 16, ""0010"": 20, ""0000"": 453}","{""1010"": 3, ""1001"": 2, ""0011"": 2, ""1011"": 13, ""0111"": 21, ""1101"": 21, ""1110"": 22, ""1111"": 428}",1.3742853634210084
4,10,73010,0,0.962890625,0.037109375,0.044921875,0.955078125,1.0897834297979956,512,3006940424,3596624575,"{""0100"": 17, ""0001"": 18, ""1001"": 1, ""1000"": 9, ""1100"": 2, ""0010"": 9, ""0000"": 456}","{""1001"": 2, ""1101"": 25, ""1111"": 423, ""0101"": 1, ""1110"": 23, ""0011"": 1, ""1011"": 16, ""0111"": 21}",1.379380000947681
4,10,73010,1,0.982421875,0.017578125,0.0546875,0.9453125,1.0879731948145364,512,3006940424,3596624575,"{""0100"": 17, ""0001"": 18, ""1001"": 1, ""1000"": 9, ""1100"": 2, ""0010"": 9, ""0000"": 456}","{""1001"": 2, ""1101"": 25, ""1111"": 423, ""0101"": 1, ""1110"": 23, ""0011"": 1, ""1011"": 16, ""0111"": 21}",1.379380000947681
4,10,73010,2,0.962890625,0.037109375,0.037109375,0.962890625,1.0801687763713081,512,3006940424,3596624575,"{""0100"": 17, ""0001"": 18, ""1001"": 1, ""1000"": 9, ""1100"": 2, ""0010"": 9, ""0000"": 456}","{""1001"": 2, ""1101"": 25, ""1111"": 423, ""0101"": 1, ""1110"": 23, ""0011"": 1, ""1011"": 16, ""0111"": 21}",1.379380000947681
4,10,73010,3,0.9765625,0.0234375,0.044921875,0.955078125,1.0770451517678583,512,3006940424,3596624575,"{""0100"": 17, ""0001"": 18, ""1001"": 1, ""1000"": 9, ""1100"": 2, ""0010"": 9, ""0000"": 456}","{""1001"": 2, ""1101"": 25, ""1111"": 423, ""0101"": 1, ""1110"": 23, ""0011"": 1, ""1011"": 16, ""0111"": 21}",1.379380000947681
4,11,73011,0,0.970703125,0.029296875,0.041015625,0.958984375,1.076712023188926,512,1276982749,1133352342,"{""0101"": 1, ""0011"": 1, ""0001"": 13, ""1010"": 1, ""1000"": 16, ""0100"": 12, ""0010"": 14, ""0000"": 454}","{""0100"": 1, ""1010"": 3, ""0101"": 2, ""1110"": 15, ""0011"": 2, ""0111"": 27, ""1011"": 16, ""0110"": 2, ""1101"": 29, ""1111"": 413, ""1001"": 2}",1.4468433619201118
4,11,73011,1,0.96875,0.03125,0.06640625,0.93359375,1.1153960460240748,512,1276982749,1133352342,"{""0101"": 1, ""0011"": 1, ""0001"": 13, ""1010"": 1, ""1000"": 16, ""0100"": 12, ""0010"": 14, ""0000"": 454}","{""0100"": 1, ""1010"": 3, ""0101"": 2, ""1110"": 15, ""0011"": 2, ""0111"": 27, ""1011"": 16, ""0110"": 2, ""1101"": 29, ""1111"": 413, ""1001"": 2}",1.4468433619201118
4,11,73011,2,0.974609375,0.025390625,0.044921875,0.955078125,1.078602237845903,512,1276982749,1133352342,"{""0101"": 1, ""0011"": 1, ""0001"": 13, ""1010"": 1, ""1000"": 16, ""0100"": 12, ""0010"": 14, ""0000"": 454}","{""0100"": 1, ""1010"": 3, ""0101"": 2, ""1110"": 15, ""0011"": 2, ""0111"": 27, ""1011"": 16, ""0110"": 2, ""1101"": 29, ""1111"": 413, ""1001"": 2}",1.4468433619201118
4,11,73011,3,0.966796875,0.033203125,0.06640625,0.93359375,1.1169443504747063,512,1276982749,1133352342,"{""0101"": 1, ""0011"": 1, ""0001"": 13, ""1010"": 1, ""1000"": 16, ""0100"": 12, ""0010"": 14, ""0000"": 454}","{""0100"": 1, ""1010"": 3, ""0101"": 2, ""1110"": 15, ""0011"": 2, ""0111"": 27, ""1011"": 16, ""0110"": 2, ""1101"": 29, ""1111"": 413, ""1001"": 2}",1.4468433619201118
4,12,73012,0,0.978515625,0.021484375,0.0546875,0.9453125,1.090269420021761,512,105349430,1148568059,"{""0011"": 1, ""0100"": 10, ""0001"": 10, ""1000"": 15, ""0010"": 9, ""0000"": 467}","{""1010"": 3, ""1100"": 2, ""1001"": 2, ""0010"": 1, ""0011"": 1, ""0111"": 25, ""1011"": 23, ""0110"": 2, ""1101"": 34, ""1111"": 398, ""0101"": 1, ""1110"": 20}",1.4787718253581557
4,12,73012,1,0.98046875,0.01953125,0.076171875,0.923828125,1.1239826253058898,512,105349430,1148568059,"{""0011"": 1, ""0100"": 10, ""0001"": 10, ""1000"": 15, ""0010"": 9, ""0000"": 467}","{""1010"": 3, ""1100"": 2, ""1001"": 2, ""0010"": 1, ""0011"": 1, ""0111"": 25, ""1011"": 23, ""0110"": 2, ""1101"": 34, ""1111"": 398, ""0101"": 1, ""1110"": 20}",1.4787718253581557
4,12,73012,2,0.98046875,0.01953125,0.05859375,0.94140625,1.095204305494083,512,105349430,1148568059,"{""0011"": 1, ""0100"": 10, ""0001"": 10, ""1000"": 15, ""0010"": 9, ""0000"": 467}","{""1010"": 3, ""1100"": 2, ""1001"": 2, ""0010"": 1, ""0011"": 1, ""0111"": 25, ""1011"": 23, ""0110"": 2, ""1101"": 34, ""1111"": 398, ""0101"": 1, ""1110"": 20}",1.4787718253581557
4,12,73012,3,0.970703125,0.029296875,0.05859375,0.94140625,1.1018249337741755,512,105349430,1148568059,"{""0011"": 1, ""0100"": 10, ""0001"": 10, ""1000"": 15, ""0010"": 9, ""0000"": 467}","{""1010"": 3, ""1100"": 2, ""1001"": 2, ""0010"": 1, ""0011"": 1, ""0111"": 25, ""1011"": 23, ""0110"": 2, ""1101"": 34, ""1111"": 398, ""0101"": 1, ""1110"": 20}",1.4787718253581557
4,13,73013,0,0.9609375,0.0390625,0.033203125,0.966796875,1.0781599776762578,512,2035329030,2846751325,"{""1010"": 2, ""0101"": 2, ""1001"": 1, ""1000"": 12, ""0100"": 18, ""0001"": 17, ""0010"": 14, ""0000"": 446}","{""1001"": 1, ""0011"": 3, ""0111"": 30, ""1011"": 20, ""1101"": 22, ""1110"": 17, ""1111"": 419}",1.4206367967874642
4,13,73013,1,0.96875,0.03125,0.044921875,0.955078125,1.0838230515606408,512,2035329030,2846751325,"{""1010"": 2, ""0101"": 2, ""1001"": 1, ""1000"": 12, ""0100"": 18, ""0001"": 17, ""0010"": 14, ""0000"": 446}","{""1001"": 1, ""0011"": 3, ""0111"": 30, ""1011"": 20, ""1101"": 22, ""1110"": 17, ""1111"": 419}",1.4206367967874642
4,13,73013,2,0.9609375,0.0390625,0.046875,0.953125,1.0944222753295303,512,2035329030,2846751325,"{""1010"": 2, ""0101"": 2, ""1001"": 1, ""1000"": 12, ""0100"": 18, ""0001"": 17, ""0010"": 14, ""0000"": 446}","{""1001"": 1, ""0011"": 3, ""0111"": 30, ""1011"": 20, ""1101"": 22, ""1110"": 17, ""1111"": 419}",1.4206367967874642
4,13,73013,3,0.970703125,0.029296875,0.064453125,0.935546875,1.1108528804310722,512,2035329030,2846751325,"{""1010"": 2, ""0101"": 2, ""1001"": 1, ""1000"": 12, ""0100"": 18, ""0001"": 17, ""0010"": 14, ""0000"": 446}","{""1001"": 1, ""0011"": 3, ""0111"": 30, ""1011"": 20, ""1101"": 22, ""1110"": 17, ""1111"": 419}",1.4206367967874642
4,14,73014,0,0.95703125,0.04296875,0.056640625,0.943359375,1.111721158214899,512,2969344622,3776724316,"{""0101"": 1, ""0011"": 2, ""0100"": 13, ""0001"": 19, ""1100"": 2, ""1000"": 15, ""0010"": 13, ""0000"": 447}","{""1100"": 1, ""1001"": 2, ""1101"": 16, ""0101"": 1, ""1110"": 28, ""0011"": 1, ""1011"": 25, ""0111"": 28, ""0001"": 1, ""1111"": 409}",1.459529407979612
4,14,73014,1,0.970703125,0.029296875,0.041015625,0.958984375,1.076712023188926,512,2969344622,3776724316,"{""0101"": 1, ""0011"": 2, ""0100"": 13, ""0001"": 19, ""1100"": 2, ""1000"": 15, ""0010"": 13, ""0000"": 447}","{""1100"": 1, ""1001"": 2, ""1101"": 16, ""0101"": 1, ""1110"": 28, ""0011"": 1, ""1011"": 25, ""0111"": 28, ""0001"": 1, ""1111"": 409}",1.459529407979612
4,14,73014,2,0.96875,0.03125,0.056640625,0.943359375,1.1004888107310442,512,2969344622,3776724316,"{""0101"": 1, ""0011"": 2, ""0100"": 13, ""0001"": 19, ""1100"": 2, ""1000"": 15, ""0010"": 13, ""0000"": 447}","{""1100"": 1, ""1001"": 2, ""1101"": 16, ""0101"": 1, ""1110"": 28, ""0011"": 1, ""1011"": 25, ""0111"": 28, ""0001"": 1, ""1111"": 409}",1.459529407979612
4,14,73014,3,0.966796875,0.033203125,0.060546875,0.939453125,1.1079796526333061,512,2969344622,3776724316,"{""0101"": 1, ""0011"": 2, ""0100"": 13, ""0001"": 19, ""1100"": 2, ""1000"": 15, ""0010"": 13, ""0000"": 447}","{""1100"": 1, ""1001"": 2, ""1101"": 16, ""0101"": 1, ""1110"": 28, ""0011"": 1, ""1011"": 25, ""0111"": 28, ""0001"": 1, ""1111"": 409}",1.459529407979612
4,15,73015,0,0.96875,0.03125,0.0390625,0.9609375,1.0761127383069842,512,3600367113,4240093563,"{""0001"": 13, ""1010"": 1, ""1001"": 2, ""1000"": 23, ""0011"": 1, ""0100"": 17, ""0010"": 14, ""0000"": 441}","{""1010"": 3, ""0101"": 1, ""1110"": 13, ""1100"": 2, ""1001"": 3, ""0110"": 2, ""1101"": 19, ""0111"": 31, ""1011"": 26, ""0011"": 2, ""1111"": 410}",1.4920446067528323
4,15,73015,1,0.96875,0.03125,0.048828125,0.951171875,1.089209954717228,512,3600367113,4240093563,"{""0001"": 13, ""1010"": 1, ""1001"": 2, ""1000"": 23, ""0011"": 1, ""0100"": 17, ""0010"": 14, ""0000"": 441}","{""1010"": 3, ""0101"": 1, ""1110"": 13, ""1100"": 2, ""1001"": 3, ""0110"": 2, ""1101"": 19, ""0111"": 31, ""1011"": 26, ""0011"": 2, ""1111"": 410}",1.4920446067528323
4,15,73015,2,0.966796875,0.033203125,0.06640625,0.93359375,1.1169443504747063,512,3600367113,4240093563,"{""0001"": 13, ""1010"": 1, ""1001"": 2, ""1000"": 23, ""0011"": 1, ""0100"": 17, ""0010"": 14, ""0000"": 441}","{""1010"": 3, ""0101"": 1, ""1110"": 13, ""1100"": 2, ""1001"": 3, ""0110"": 2, ""1101"": 19, ""0111"": 31, ""1011"": 26, ""0011"": 2, ""1111"": 410}",1.4920446067528323
4,15,73015,3,0.94921875,0.05078125,0.0703125,0.9296875,1.1396746733432725,512,3600367113,4240093563,"{""0001"": 13, ""1010"": 1, ""1001"": 2, ""1000"": 23, ""0011"": 1, ""0100"": 17, ""0010"": 14, ""0000"": 441}","{""1010"": 3, ""0101"": 1, ""1110"": 13, ""1100"": 2, ""1001"": 3, ""0110"": 2, ""1101"": 19, ""0111"": 31, ""1011"": 26, ""0011"": 2, ""1111"": 410}",1.4920446067528323
4,16,73016,0,0.978515625,0.021484375,0.05859375,0.94140625,1.096351235980091,512,350951795,516117749,"{""0011"": 1, ""0110"": 2, ""0001"": 10, ""1000"": 15, ""0100"": 8, ""0010"": 9, ""0000"": 467}","{""1100"": 2, ""1001"": 1, ""1010"": 2, ""0110"": 4, ""1101"": 17, ""1110"": 22, ""0011"": 1, ""0111"": 29, ""1011"": 17, ""1111"": 417}",1.394689479023042
4,16,73016,1,0.9765625,0.0234375,0.0390625,0.9609375,1.068786682647421,512,350951795,516117749,"{""0011"": 1, ""0110"": 2, ""0001"": 10, ""1000"": 15, ""0100"": 8, ""0010"": 9, ""0000"": 467}","{""1100"": 2, ""1001"": 1, ""1010"": 2, ""0110"": 4, ""1101"": 17, ""1110"": 22, ""0011"": 1, ""0111"": 29, ""1011"": 17, ""1111"": 417}",1.394689479023042
4,16,73016,2,0.98046875,0.01953125,0.041015625,0.958984375,1.0685167539715679,512,350951795,516117749,"{""0011"": 1, ""0110"": 2, ""0001"": 10, ""1000"": 15, ""0100"": 8, ""0010"": 9, ""0000"": 467}","{""1100"": 2, ""1001"": 1, ""1010"": 2, ""0110"": 4, ""1101"": 17, ""1110"": 22, ""0011"": 1, ""0111"": 29, ""1011"": 17, ""1111"": 417}",1.394689479023042
4,16,73016,3,0.970703125,0.029296875,0.06640625,0.93359375,1.1139237004747624,512,350951795,516117749,"{""0011"": 1, ""0110"": 2, ""0001"": 10, ""1000"": 15, ""0100"": 8, ""0010"": 9, ""0000"": 467}","{""1100"": 2, ""1001"": 1, ""1010"": 2, ""0110"": 4, ""1101"": 17, ""1110"": 22, ""0011"": 1, ""0111"": 29, ""1011"": 17, ""1111"": 417}",1.394689479023042
4,17,73017,0,0.974609375,0.025390625,0.04296875,0.95703125,1.0758495828001575,512,3176171218,442313709,"{""1010"": 1, ""0001"": 13, ""1100"": 1, ""1000"": 8, ""0100"": 17, ""0010"": 12, ""0000"": 460}","{""1001"": 1, ""1100"": 2, ""1010"": 1, ""0110"": 1, ""1101"": 28, ""0011"": 2, ""0111"": 33, ""1011"": 26, ""0101"": 1, ""1110"": 18, ""1111"": 399}",1.4702921683723935
4,17,73017,1,0.974609375,0.025390625,0.0625,0.9375,1.1050085389522912,512,3176171218,442313709,"{""1010"": 1, ""0001"": 13, ""1100"": 1, ""1000"": 8, ""0100"": 17, ""0010"": 12, ""0000"": 460}","{""1001"": 1, ""1100"": 2, ""1010"": 1, ""0110"": 1, ""1101"": 28, ""0011"": 2, ""0111"": 33, ""1011"": 26, ""0101"": 1, ""1110"": 18, ""1111"": 399}",1.4702921683723935
4,17,73017,2,0.96484375,0.03515625,0.05859375,0.94140625,1.1067935557643729,512,3176171218,442313709,"{""1010"": 1, ""0001"": 13, ""1100"": 1, ""1000"": 8, ""0100"": 17, ""0010"": 12, ""0000"": 460}","{""1001"": 1, ""1100"": 2, ""1010"": 1, ""0110"": 1, ""1101"": 28, ""0011"": 2, ""0111"": 33, ""1011"": 26, ""0101"": 1, ""1110"": 18, ""1111"": 399}",1.4702921683723935
4,17,73017,3,0.98046875,0.01953125,0.072265625,0.927734375,1.117428727553826,512,3176171218,442313709,"{""1010"": 1, ""0001"": 13, ""1100"": 1, ""1000"": 8, ""0100"": 17, ""0010"": 12, ""0000"": 460}","{""1001"": 1, ""1100"": 2, ""1010"": 1, ""0110"": 1, ""1101"": 28, ""0011"": 2, ""0111"": 33, ""1011"": 26, ""0101"": 1, ""1110"": 18, ""1111"": 399}",1.4702921683723935
4,18,73018,0,0.96484375,0.03515625,0.046875,0.953125,1.0903081557797938,512,1487406963,1401820996,"{""1000"": 14, ""0100"": 20, ""0001"": 18, ""0010"": 16, ""0000"": 444}","{""1010"": 1, ""1100"": 1, ""0110"": 1, ""1101"": 23, ""0011"": 1, ""0111"": 35, ""1011"": 21, ""1111"": 406, ""0101"": 2, ""1110"": 21}",1.4669510085935817
4,18,73018,1,0.96875,0.03125,0.05078125,0.94921875,1.0919696046207115,512,1487406963,1401820996,"{""1000"": 14, ""0100"": 20, ""0001"": 18, ""0010"": 16, ""0000"": 444}","{""1010"": 1, ""1100"": 1, ""0110"": 1, ""1101"": 23, ""0011"": 1, ""0111"": 35, ""1011"": 21, ""1111"": 406, ""0101"": 2, ""1110"": 21}",1.4669510085935817
4,18,73018,2,0.9609375,0.0390625,0.044921875,0.955078125,1.0919170939933114,512,1487406963,1401820996,"{""1000"": 14, ""0100"": 20, ""0001"": 18, ""0010"": 16, ""0000"": 444}","{""1010"": 1, ""1100"": 1, ""0110"": 1, ""1101"": 23, ""0011"": 1, ""0111"": 35, ""1011"": 21, ""1111"": 406, ""0101"": 2, ""1110"": 21}",1.4669510085935817
4,18,73018,3,0.97265625,0.02734375,0.076171875,0.923828125,1.128407943148858,512,1487406963,1401820996,"{""1000"": 14, ""0100"": 20, ""0001"": 18, ""0010"": 16, ""0000"": 444}","{""1010"": 1, ""1100"": 1, ""0110"": 1, ""1101"": 23, ""0011"": 1, ""0111"": 35, ""1011"": 21, ""1111"": 406, ""0101"": 2, ""1110"": 21}",1.4669510085935817
4,19,73019,0,0.97265625,0.02734375,0.05078125,0.94921875,1.088635671852106,512,1835653578,3877424973,"{""0101"": 1, ""0011"": 1, ""0110"": 2, ""0001"": 12, ""1000"": 10, ""0100"": 23, ""0010"": 19, ""0000"": 444}","{""1100"": 2, ""1001"": 1, ""1010"": 1, ""1110"": 21, ""0101"": 2, ""0110"": 2, ""1101"": 24, ""1111"": 427, ""1011"": 15, ""0111"": 17}",1.4144313225589933
4,19,73019,1,0.95703125,0.04296875,0.056640625,0.943359375,1.111721158214899,512,1835653578,3877424973,"{""0101"": 1, ""0011"": 1, ""0110"": 2, ""0001"": 12, ""1000"": 10, ""0100"": 23, ""0010"": 19, ""0000"": 444}","{""1100"": 2, ""1001"": 1, ""1010"": 1, ""1110"": 21, ""0101"": 2, ""0110"": 2, ""1101"": 24, ""1111"": 427, ""1011"": 15, ""0111"": 17}",1.4144313225589933
4,19,73019,2,0.94921875,0.05078125,0.033203125,0.966796875,1.09376015165112,512,1835653578,3877424973,"{""0101"": 1, ""0011"": 1, ""0110"": 2, ""0001"": 12, ""1000"": 10, ""0100"": 23, ""0010"": 19, ""0000"": 444}","{""1100"": 2, ""1001"": 1, ""1010"": 1, ""1110"": 21, ""0101"": 2, ""0110"": 2, ""1101"": 24, ""1111"": 427, ""1011"": 15, ""0111"": 17}",1.4144313225589933
4,19,73019,3,0.98046875,0.01953125,0.041015625,0.958984375,1.0685167539715679,512,1835653578,3877424973,"{""0101"": 1, ""0011"": 1, ""0110"": 2, ""0001"": 12, ""1000"": 10, ""0100"": 23, ""0010"": 19, ""0000"": 444}","{""1100"": 2, ""1001"": 1, ""1010"": 1, ""1110"": 21, ""0101"": 2, ""0110"": 2, ""1101"": 24, ""1111"": 427, ""1011"": 15, ""0111"": 17}",1.4144313225589933
5,0,74000,0,0.953125,0.046875,0.052734375,0.947265625,1.1108303430843065,512,2462082348,2093756779,"{""00110"": 1, ""00101"": 1, ""01010"": 1, ""11001"": 1, ""00001"": 21, ""01001"": 1, ""01000"": 14, ""10000"": 12, ""00100"": 12, ""00010"": 8, ""00000"": 440}","{""11010"": 3, ""11001"": 1, ""11011"": 20, ""10011"": 1, ""10111"": 22, ""11100"": 1, ""01111"": 15, ""00111"": 3, ""11101"": 23, ""11110"": 23, ""11111"": 400}",1.5179279100675538
5,0,74000,1,0.98046875,0.01953125,0.048828125,0.951171875,1.080078799132169,512,2462082348,2093756779,"{""00110"": 1, ""00101"": 1, ""01010"": 1, ""11001"": 1, ""00001"": 21, ""01001"": 1, ""01000"": 14, ""10000"": 12, ""00100"": 12, ""00010"": 8, ""00000"": 440}","{""11010"": 3, ""11001"": 1, ""11011"": 20, ""10011"": 1, ""10111"": 22, ""11100"": 1, ""01111"": 15, ""00111"": 3, ""11101"": 23, ""11110"": 23, ""11111"": 400}",1.5179279100675538
5,0,74000,2,0.97265625,0.02734375,0.048828125,0.951171875,1.0858017805305566,512,2462082348,2093756779,"{""00110"": 1, ""00101"": 1, ""01010"": 1, ""11001"": 1, ""00001"": 21, ""01001"": 1, ""01000"": 14, ""10000"": 12, ""00100"": 12, ""00010"": 8, ""00000"": 440}","{""11010"": 3, ""11001"": 1, ""11011"": 20, ""10011"": 1, ""10111"": 22, ""11100"": 1, ""01111"": 15, ""00111"": 3, ""11101"": 23, ""11110"": 23, ""11111"": 400}",1.5179279100675538
5,0,74000,3,0.966796875,0.033203125,0.05078125,0.94921875,1.0937601516511202,512,2462082348,2093756779,"{""00110"": 1, ""00101"": 1, ""01010"": 1, ""11001"": 1, ""00001"": 21, ""01001"": 1, ""01000"": 14, ""10000"": 12, ""00100"": 12, ""00010"": 8, ""00000"": 440}","{""11010"": 3, ""11001"": 1, ""11011"": 20, ""10011"": 1, ""10111"": 22, ""11100"": 1, ""01111"": 15, ""00111"": 3, ""11101"": 23, ""11110"": 23, ""11111"": 400}",1.5179279100675538
5,0,74000,4,0.974609375,0.025390625,0.03515625,0.96484375,1.0653083333672566,512,2462082348,2093756779,"{""00110"": 1, ""00101"": 1, ""01010"": 1, ""11001"": 1, ""00001"": 21, ""01001"": 1, ""01000"": 14, ""10000"": 12, ""00100"": 12, ""00010"": 8, ""00000"": 440}","{""11010"": 3, ""11001"": 1, ""11011"": 20, ""10011"": 1, ""10111"": 22, ""11100"": 1, ""01111"": 15, ""00111"": 3, ""11101"": 23, ""11110"": 23, ""11111"": 400}",1.5179279100675538
5,1,74001,0,0.98046875,0.01953125,0.068359375,0.931640625,1.1109633022788086,512,3385704870,1341988050,"{""10100"": 1, ""10010"": 1, ""00110"": 2, ""01000"": 13, ""00001"": 10, ""10000"": 16, ""00100"": 13, ""00010"": 12, ""00000"": 444}","{""00111"": 2, ""11111"": 395, ""11101"": 16, ""11110"": 32, ""01111"": 21, ""10110"": 1, ""11011"": 20, ""11001"": 1, ""10111"": 19, ""10101"": 1, ""11100"": 1, ""10010"": 1, ""10011"": 1, ""01101"": 1}",1.528945589246641
5,1,74001,1,0.970703125,0.029296875,0.0390625,0.9609375,1.0741468430293226,512,3385704870,1341988050,"{""10100"": 1, ""10010"": 1, ""00110"": 2, ""01000"": 13, ""00001"": 10, ""10000"": 16, ""00100"": 13, ""00010"": 12, ""00000"": 444}","{""00111"": 2, ""11111"": 395, ""11101"": 16, ""11110"": 32, ""01111"": 21, ""10110"": 1, ""11011"": 20, ""11001"": 1, ""10111"": 19, ""10101"": 1, ""11100"": 1, ""10010"": 1, ""10011"": 1, ""01101"": 1}",1.528945589246641
5,1,74001,2,0.96875,0.03125,0.044921875,0.955078125,1.0838230515606408,512,3385704870,1341988050,"{""10100"": 1, ""10010"": 1, ""00110"": 2, ""01000"": 13, ""00001"": 10, ""10000"": 16, ""00100"": 13, ""00010"": 12, ""00000"": 444}","{""00111"": 2, ""11111"": 395, ""11101"": 16, ""11110"": 32, ""01111"": 21, ""10110"": 1, ""11011"": 20, ""11001"": 1, ""10111"": 19, ""10101"": 1, ""11100"": 1, ""10010"": 1, ""10011"": 1, ""01101"": 1}",1.528945589246641
5,1,74001,3,0.974609375,0.025390625,0.048828125,0.951171875,1.0842289924789559,512,3385704870,1341988050,"{""10100"": 1, ""10010"": 1, ""00110"": 2, ""01000"": 13, ""00001"": 10, ""10000"": 16, ""00100"": 13, ""00010"": 12, ""00000"": 444}","{""00111"": 2, ""11111"": 395, ""11101"": 16, ""11110"": 32, ""01111"": 21, ""10110"": 1, ""11011"": 20, ""11001"": 1, ""10111"": 19, ""10101"": 1, ""11100"": 1, ""10010"": 1, ""10011"": 1, ""01101"": 1}",1.528945589246641
5,1,74001,4,0.96484375,0.03515625,0.046875,0.953125,1.0903081557797938,512,3385704870,1341988050,"{""10100"": 1, ""10010"": 1, ""00110"": 2, ""01000"": 13, ""00001"": 10, ""10000"": 16, ""00100"": 13, ""00010"": 12, ""00000"": 444}","{""00111"": 2, ""11111"": 395, ""11101"": 16, ""11110"": 32, ""01111"": 21, ""10110"": 1, ""11011"": 20, ""11001"": 1, ""10111"": 19, ""10101"": 1, ""11100"": 1, ""10010"": 1, ""10011"": 1, ""01101"": 1}",1.528945589246641
5,2,74002,0,0.974609375,0.025390625,0.0546875,0.9453125,1.092942571768202,512,2481969312,3620285518,"{""00011"": 1, ""11000"": 1, ""00101"": 1, ""10010"": 1, ""10000"": 17, ""00100"": 11, ""01100"": 1, ""01000"": 11, ""00001"": 11, ""00010"": 10, ""00000"": 447}","{""00111"": 1, ""11111"": 384, ""01101"": 3, ""11101"": 25, ""01011"": 3, ""11110"": 21, ""01111"": 19, ""10101"": 1, ""10111"": 19, ""11100"": 3, ""10110"": 2, ""01110"": 2, ""10011"": 2, ""11011"": 27}",1.594129388348722
5,2,74002,1,0.9765625,0.0234375,0.0625,0.9375,1.103731392938413,512,2481969312,3620285518,"{""00011"": 1, ""11000"": 1, ""00101"": 1, ""10010"": 1, ""10000"": 17, ""00100"": 11, ""01100"": 1, ""01000"": 11, ""00001"": 11, ""00010"": 10, ""00000"": 447}","{""00111"": 1, ""11111"": 384, ""01101"": 3, ""11101"": 25, ""01011"": 3, ""11110"": 21, ""01111"": 19, ""10101"": 1, ""10111"": 19, ""11100"": 3, ""10110"": 2, ""01110"": 2, ""10011"": 2, ""11011"": 27}",1.594129388348722
5,2,74002,2,0.974609375,0.025390625,0.0625,0.9375,1.1050085389522912,512,2481969312,3620285518,"{""00011"": 1, ""11000"": 1, ""00101"": 1, ""10010"": 1, ""10000"": 17, ""00100"": 11, ""01100"": 1, ""01000"": 11, ""00001"": 11, ""00010"": 10, ""00000"": 447}","{""00111"": 1, ""11111"": 384, ""01101"": 3, ""11101"": 25, ""01011"": 3, ""11110"": 21, ""01111"": 19, ""10101"": 1, ""10111"": 19, ""11100"": 3, ""10110"": 2, ""01110"": 2, ""10011"": 2, ""11011"": 27}",1.594129388348722
5,2,74002,3,0.974609375,0.025390625,0.048828125,0.951171875,1.0842289924789559,512,2481969312,3620285518,"{""00011"": 1, ""11000"": 1, ""00101"": 1, ""10010"": 1, ""10000"": 17, ""00100"": 11, ""01100"": 1, ""01000"": 11, ""00001"": 11, ""00010"": 10, ""00000"": 447}","{""00111"": 1, ""11111"": 384, ""01101"": 3, ""11101"": 25, ""01011"": 3, ""11110"": 21, ""01111"": 19, ""10101"": 1, ""10111"": 19, ""11100"": 3, ""10110"": 2, ""01110"": 2, ""10011"": 2, ""11011"": 27}",1.594129388348722
5,2,74002,4,0.962890625,0.037109375,0.0546875,0.9453125,1.103001695651742,512,2481969312,3620285518,"{""00011"": 1, ""11000"": 1, ""00101"": 1, ""10010"": 1, ""10000"": 17, ""00100"": 11, ""01100"": 1, ""01000"": 11, ""00001"": 11, ""00010"": 10, ""00000"": 447}","{""00111"": 1, ""11111"": 384, ""01101"": 3, ""11101"": 25, ""01011"": 3, ""11110"": 21, ""01111"": 19, ""10101"": 1, ""10111"": 19, ""11100"": 3, ""10110"": 2, ""01110"": 2, ""10011"": 2, ""11011"": 27}",1.594129388348722
5,3,74003,0,0.96875,0.03125,0.05078125,0.94921875,1.0919696046207115,512,3329341391,822563409,"{""10001"": 1, ""01010"": 1, ""10100"": 1, ""00100"": 6, ""10000"": 16, ""01000"": 14, ""00010"": 17, ""00000"": 441, ""00001"": 15}","{""10011"": 1, ""11111"": 403, ""11011"": 25, ""01111"": 12, ""10110"": 2, ""10101"": 1, ""11100"": 4, ""10111"": 20, ""11110"": 16, ""01011"": 2, ""00111"": 1, ""11101"": 17, ""01110"": 1, ""01101"": 4, ""11010"": 3}",1.539695267947497
5,3,74003,1,0.96484375,0.03515625,0.05078125,0.94921875,1.09562882408512,512,3329341391,822563409,"{""10001"": 1, ""01010"": 1, ""10100"": 1, ""00100"": 6, ""10000"": 16, ""01000"": 14, ""00010"": 17, ""00000"": 441, ""00001"": 15}","{""10011"": 1, ""11111"": 403, ""11011"": 25, ""01111"": 12, ""10110"": 2, ""10101"": 1, ""11100"": 4, ""10111"": 20, ""11110"": 16, ""01011"": 2, ""00111"": 1, ""11101"": 17, ""01110"": 1, ""01101"": 4, ""11010"": 3}",1.539695267947497
5,3,74003,2,0.986328125,0.013671875,0.060546875,0.939453125,1.0954895054598885,512,3329341391,822563409,"{""10001"": 1, ""01010"": 1, ""10100"": 1, ""00100"": 6, ""10000"": 16, ""01000"": 14, ""00010"": 17, ""00000"": 441, ""00001"": 15}","{""10011"": 1, ""11111"": 403, ""11011"": 25, ""01111"": 12, ""10110"": 2, ""10101"": 1, ""11100"": 4, ""10111"": 20, ""11110"": 16, ""01011"": 2, ""00111"": 1, ""11101"": 17, ""01110"": 1, ""01101"": 4, ""11010"": 3}",1.539695267947497
5,3,74003,3,0.970703125,0.029296875,0.048828125,0.951171875,1.0874632845106909,512,3329341391,822563409,"{""10001"": 1, ""01010"": 1, ""10100"": 1, ""00100"": 6, ""10000"": 16, ""01000"": 14, ""00010"": 17, ""00000"": 441, ""00001"": 15}","{""10011"": 1, ""11111"": 403, ""11011"": 25, ""01111"": 12, ""10110"": 2, ""10101"": 1, ""11100"": 4, ""10111"": 20, ""11110"": 16, ""01011"": 2, ""00111"": 1, ""11101"": 17, ""01110"": 1, ""01101"": 4, ""11010"": 3}",1.539695267947497
5,3,74003,4,0.96484375,0.03515625,0.0390625,0.9609375,1.080284019057515,512,3329341391,822563409,"{""10001"": 1, ""01010"": 1, ""10100"": 1, ""00100"": 6, ""10000"": 16, ""01000"": 14, ""00010"": 17, ""00000"": 441, ""00001"": 15}","{""10011"": 1, ""11111"": 403, ""11011"": 25, ""01111"": 12, ""10110"": 2, ""10101"": 1, ""11100"": 4, ""10111"": 20, ""11110"": 16, ""01011"": 2, ""00111"": 1, ""11101"": 17, ""01110"": 1, ""01101"": 4, ""11010"": 3}",1.539695267947497
5,4,74004,0,0.955078125,0.044921875,0.048828125,0.951171875,1.1035424541129417,512,793998119,4235466736,"{""00110"": 2, ""01000"": 17, ""00001"": 23, ""00100"": 14, ""10000"": 14, ""00010"": 19, ""00000"": 423}","{""10011"": 2, ""01110"": 1, ""11110"": 19, ""10101"": 2, ""00111"": 2, ""11101"": 19, ""10111"": 20, ""10110"": 3, ""11100"": 2, ""01111"": 16, ""11001"": 2, ""11011"": 24, ""11111"": 400}",1.569608790332729
5,4,74004,1,0.958984375,0.041015625,0.048828125,0.951171875,1.0991025355783683,512,793998119,4235466736,"{""00110"": 2, ""01000"": 17, ""00001"": 23, ""00100"": 14, ""10000"": 14, ""00010"": 19, ""00000"": 423}","{""10011"": 2, ""01110"": 1, ""11110"": 19, ""10101"": 2, ""00111"": 2, ""11101"": 19, ""10111"": 20, ""10110"": 3, ""11100"": 2, ""01111"": 16, ""11001"": 2, ""11011"": 24, ""11111"": 400}",1.569608790332729
5,4,74004,2,0.96875,0.03125,0.0546875,0.9453125,1.0976108174285368,512,793998119,4235466736,"{""00110"": 2, ""01000"": 17, ""00001"": 23, ""00100"": 14, ""10000"": 14, ""00010"": 19, ""00000"": 423}","{""10011"": 2, ""01110"": 1, ""11110"": 19, ""10101"": 2, ""00111"": 2, ""11101"": 19, ""10111"": 20, ""10110"": 3, ""11100"": 2, ""01111"": 16, ""11001"": 2, ""11011"": 24, ""11111"": 400}",1.569608790332729
5,4,74004,3,0.966796875,0.033203125,0.056640625,0.943359375,1.102176705298453,512,793998119,4235466736,"{""00110"": 2, ""01000"": 17, ""00001"": 23, ""00100"": 14, ""10000"": 14, ""00010"": 19, ""00000"": 423}","{""10011"": 2, ""01110"": 1, ""11110"": 19, ""10101"": 2, ""00111"": 2, ""11101"": 19, ""10111"": 20, ""10110"": 3, ""11100"": 2, ""01111"": 16, ""11001"": 2, ""11011"": 24, ""11111"": 400}",1.569608790332729
5,4,74004,4,0.97265625,0.02734375,0.037109375,0.962890625,1.0697063172462224,512,793998119,4235466736,"{""00110"": 2, ""01000"": 17, ""00001"": 23, ""00100"": 14, ""10000"": 14, ""00010"": 19, ""00000"": 423}","{""10011"": 2, ""01110"": 1, ""11110"": 19, ""10101"": 2, ""00111"": 2, ""11101"": 19, ""10111"": 20, ""10110"": 3, ""11100"": 2, ""01111"": 16, ""11001"": 2, ""11011"": 24, ""11111"": 400}",1.569608790332729
5,5,74005,0,0.974609375,0.025390625,0.044921875,0.955078125,1.078602237845903,512,3781020711,1261769706,"{""10001"": 2, ""10010"": 2, ""00100"": 22, ""10000"": 7, ""00001"": 10, ""01001"": 1, ""01000"": 8, ""00010"": 15, ""00000"": 445}","{""11010"": 2, ""01110"": 1, ""10011"": 4, ""10111"": 21, ""10101"": 2, ""11101"": 24, ""01111"": 20, ""11110"": 20, ""11111"": 392, ""11001"": 1, ""11011"": 25}",1.5376935483519791
5,5,74005,1,0.966796875,0.033203125,0.052734375,0.947265625,1.096525101918748,512,3781020711,1261769706,"{""10001"": 2, ""10010"": 2, ""00100"": 22, ""10000"": 7, ""00001"": 10, ""01001"": 1, ""01000"": 8, ""00010"": 15, ""00000"": 445}","{""11010"": 2, ""01110"": 1, ""10011"": 4, ""10111"": 21, ""10101"": 2, ""11101"": 24, ""01111"": 20, ""11110"": 20, ""11111"": 392, ""11001"": 1, ""11011"": 25}",1.5376935483519791
5,5,74005,2,0.95703125,0.04296875,0.0625,0.9375,1.120022106988211,512,3781020711,1261769706,"{""10001"": 2, ""10010"": 2, ""00100"": 22, ""10000"": 7, ""00001"": 10, ""01001"": 1, ""01000"": 8, ""00010"": 15, ""00000"": 445}","{""11010"": 2, ""01110"": 1, ""10011"": 4, ""10111"": 21, ""10101"": 2, ""11101"": 24, ""01111"": 20, ""11110"": 20, ""11111"": 392, ""11001"": 1, ""11011"": 25}",1.5376935483519791
5,5,74005,3,0.982421875,0.017578125,0.052734375,0.947265625,1.0849216122582572,512,3781020711,1261769706,"{""10001"": 2, ""10010"": 2, ""00100"": 22, ""10000"": 7, ""00001"": 10, ""01001"": 1, ""01000"": 8, ""00010"": 15, ""00000"": 445}","{""11010"": 2, ""01110"": 1, ""10011"": 4, ""10111"": 21, ""10101"": 2, ""11101"": 24, ""01111"": 20, ""11110"": 20, ""11111"": 392, ""11001"": 1, ""11011"": 25}",1.5376935483519791
5,5,74005,4,0.978515625,0.021484375,0.041015625,0.958984375,1.0699535932124407,512,3781020711,1261769706,"{""10001"": 2, ""10010"": 2, ""00100"": 22, ""10000"": 7, ""00001"": 10, ""01001"": 1, ""01000"": 8, ""00010"": 15, ""00000"": 445}","{""11010"": 2, ""01110"": 1, ""10011"": 4, ""10111"": 21, ""10101"": 2, ""11101"": 24, ""01111"": 20, ""11110"": 20, ""11111"": 392, ""11001"": 1, ""11011"": 25}",1.5376935483519791
5,6,74006,0,0.951171875,0.048828125,0.048828125,0.951171875,1.1082251082251082,512,965436092,429807233,"{""00001"": 24, ""01001"": 1, ""01000"": 8, ""00010"": 15, ""00000"": 448, ""00100"": 7, ""10000"": 9}","{""01110"": 1, ""10011"": 2, ""01101"": 1, ""00111"": 2, ""11101"": 24, ""11001"": 2, ""11011"": 22, ""11110"": 22, ""11100"": 1, ""10110"": 1, ""01111"": 18, ""10111"": 21, ""11111"": 395}",1.5184849191003778
5,6,74006,1,0.970703125,0.029296875,0.0546875,0.9453125,1.0959706973346035,512,965436092,429807233,"{""00001"": 24, ""01001"": 1, ""01000"": 8, ""00010"": 15, ""00000"": 448, ""00100"": 7, ""10000"": 9}","{""01110"": 1, ""10011"": 2, ""01101"": 1, ""00111"": 2, ""11101"": 24, ""11001"": 2, ""11011"": 22, ""11110"": 22, ""11100"": 1, ""10110"": 1, ""01111"": 18, ""10111"": 21, ""11111"": 395}",1.5184849191003778
5,6,74006,2,0.986328125,0.013671875,0.05078125,0.94921875,1.0799050160621944,512,965436092,429807233,"{""00001"": 24, ""01001"": 1, ""01000"": 8, ""00010"": 15, ""00000"": 448, ""00100"": 7, ""10000"": 9}","{""01110"": 1, ""10011"": 2, ""01101"": 1, ""00111"": 2, ""11101"": 24, ""11001"": 2, ""11011"": 22, ""11110"": 22, ""11100"": 1, ""10110"": 1, ""01111"": 18, ""10111"": 21, ""11111"": 395}",1.5184849191003778
5,6,74006,3,0.982421875,0.017578125,0.05078125,0.94921875,1.081895771642855,512,965436092,429807233,"{""00001"": 24, ""01001"": 1, ""01000"": 8, ""00010"": 15, ""00000"": 448, ""00100"": 7, ""10000"": 9}","{""01110"": 1, ""10011"": 2, ""01101"": 1, ""00111"": 2, ""11101"": 24, ""11001"": 2, ""11011"": 22, ""11110"": 22, ""11100"": 1, ""10110"": 1, ""01111"": 18, ""10111"": 21, ""11111"": 395}",1.5184849191003778
5,6,74006,4,0.982421875,0.017578125,0.04296875,0.95703125,1.0700709474242829,512,965436092,429807233,"{""00001"": 24, ""01001"": 1, ""01000"": 8, ""00010"": 15, ""00000"": 448, ""00100"": 7, ""10000"": 9}","{""01110"": 1, ""10011"": 2, ""01101"": 1, ""00111"": 2, ""11101"": 24, ""11001"": 2, ""11011"": 22, ""11110"": 22, ""11100"": 1, ""10110"": 1, ""01111"": 18, ""10111"": 21, ""11111"": 395}",1.5184849191003778
5,7,74007,0,0.97265625,0.02734375,0.056640625,0.943359375,1.097354598052859,512,2768601056,249675400,"{""00110"": 1, ""10100"": 1, ""01001"": 2, ""01000"": 19, ""10000"": 13, ""00100"": 15, ""01010"": 1, ""00001"": 12, ""00010"": 10, ""00000"": 438}","{""10011"": 3, ""01101"": 1, ""11111"": 403, ""11011"": 21, ""11001"": 3, ""11101"": 17, ""01011"": 2, ""00111"": 1, ""01111"": 13, ""10111"": 19, ""11100"": 2, ""10110"": 1, ""11110"": 20, ""11010"": 3, ""01110"": 3}",1.5470164182126303
5,7,74007,1,0.9765625,0.0234375,0.044921875,0.955078125,1.0770451517678583,512,2768601056,249675400,"{""00110"": 1, ""10100"": 1, ""01001"": 2, ""01000"": 19, ""10000"": 13, ""00100"": 15, ""01010"": 1, ""00001"": 12, ""00010"": 10, ""00000"": 438}","{""10011"": 3, ""01101"": 1, ""11111"": 403, ""11011"": 21, ""11001"": 3, ""11101"": 17, ""01011"": 2, ""00111"": 1, ""01111"": 13, ""10111"": 19, ""11100"": 2, ""10110"": 1, ""11110"": 20, ""11010"": 3, ""01110"": 3}",1.5470164182126303
5,7,74007,2,0.966796875,0.033203125,0.0625,0.9375,1.1109343606198747,512,2768601056,249675400,"{""00110"": 1, ""10100"": 1, ""01001"": 2, ""01000"": 19, ""10000"": 13, ""00100"": 15, ""01010"": 1, ""00001"": 12, ""00010"": 10, ""00000"": 438}","{""10011"": 3, ""01101"": 1, ""11111"": 403, ""11011"": 21, ""11001"": 3, ""11101"": 17, ""01011"": 2, ""00111"": 1, ""01111"": 13, ""10111"": 19, ""11100"": 2, ""10110"": 1, ""11110"": 20, ""11010"": 3, ""01110"": 3}",1.5470164182126303
5,7,74007,3,0.95703125,0.04296875,0.046875,0.953125,1.0988100938444367,512,2768601056,249675400,"{""00110"": 1, ""10100"": 1, ""01001"": 2, ""01000"": 19, ""10000"": 13, ""00100"": 15, ""01010"": 1, ""00001"": 12, ""00010"": 10, ""00000"": 438}","{""10011"": 3, ""01101"": 1, ""11111"": 403, ""11011"": 21, ""11001"": 3, ""11101"": 17, ""01011"": 2, ""00111"": 1, ""01111"": 13, ""10111"": 19, ""11100"": 2, ""10110"": 1, ""11110"": 20, ""11010"": 3, ""01110"": 3}",1.5470164182126303
5,7,74007,4,0.97265625,0.02734375,0.0390625,0.9609375,1.072267110684898,512,2768601056,249675400,"{""00110"": 1, ""10100"": 1, ""01001"": 2, ""01000"": 19, ""10000"": 13, ""00100"": 15, ""01010"": 1, ""00001"": 12, ""00010"": 10, ""00000"": 438}","{""10011"": 3, ""01101"": 1, ""11111"": 403, ""11011"": 21, ""11001"": 3, ""11101"": 17, ""01011"": 2, ""00111"": 1, ""01111"": 13, ""10111"": 19, ""11100"": 2, ""10110"": 1, ""11110"": 20, ""11010"": 3, ""01110"": 3}",1.5470164182126303
5,8,74008,0,0.970703125,0.029296875,0.04296875,0.95703125,1.0793292414836697,512,2370464230,1063995668,"{""11010"": 1, ""00001"": 15, ""01000"": 14, ""01100"": 2, ""10000"": 18, ""00100"": 11, ""00010"": 12, ""00000"": 439}","{""11010"": 1, ""01110"": 3, ""11110"": 16, ""11001"": 1, ""11011"": 20, ""10111"": 28, ""01011"": 2, ""00111"": 2, ""10101"": 3, ""11101"": 16, ""11111"": 399, ""10110"": 2, ""01111"": 19}",1.5359146264539345
5,8,74008,1,0.974609375,0.025390625,0.0390625,0.9609375,1.0704786201547012,512,2370464230,1063995668,"{""11010"": 1, ""00001"": 15, ""01000"": 14, ""01100"": 2, ""10000"": 18, ""00100"": 11, ""00010"": 12, ""00000"": 439}","{""11010"": 1, ""01110"": 3, ""11110"": 16, ""11001"": 1, ""11011"": 20, ""10111"": 28, ""01011"": 2, ""00111"": 2, ""10101"": 3, ""11101"": 16, ""11111"": 399, ""10110"": 2, ""01111"": 19}",1.5359146264539345
5,8,74008,2,0.974609375,0.025390625,0.046875,0.953125,1.0813961295489056,512,2370464230,1063995668,"{""11010"": 1, ""00001"": 15, ""01000"": 14, ""01100"": 2, ""10000"": 18, ""00100"": 11, ""00010"": 12, ""00000"": 439}","{""11010"": 1, ""01110"": 3, ""11110"": 16, ""11001"": 1, ""11011"": 20, ""10111"": 28, ""01011"": 2, ""00111"": 2, ""10101"": 3, ""11101"": 16, ""11111"": 399, ""10110"": 2, ""01111"": 19}",1.5359146264539345
5,8,74008,3,0.966796875,0.033203125,0.068359375,0.931640625,1.1199976073083184,512,2370464230,1063995668,"{""11010"": 1, ""00001"": 15, ""01000"": 14, ""01100"": 2, ""10000"": 18, ""00100"": 11, ""00010"": 12, ""00000"": 439}","{""11010"": 1, ""01110"": 3, ""11110"": 16, ""11001"": 1, ""11011"": 20, ""10111"": 28, ""01011"": 2, ""00111"": 2, ""10101"": 3, ""11101"": 16, ""11111"": 399, ""10110"": 2, ""01111"": 19}",1.5359146264539345
5,8,74008,4,0.962890625,0.037109375,0.05078125,0.94921875,1.0975725308484932,512,2370464230,1063995668,"{""11010"": 1, ""00001"": 15, ""01000"": 14, ""01100"": 2, ""10000"": 18, ""00100"": 11, ""00010"": 12, ""00000"": 439}","{""11010"": 1, ""01110"": 3, ""11110"": 16, ""11001"": 1, ""11011"": 20, ""10111"": 28, ""01011"": 2, ""00111"": 2, ""10101"": 3, ""11101"": 16, ""11111"": 399, ""10110"": 2, ""01111"": 19}",1.5359146264539345
5,9,74009,0,0.97265625,0.02734375,0.056640625,0.943359375,1.097354598052859,512,2723065792,2672253614,"{""10001"": 1, ""00001"": 13, ""01000"": 16, ""00100"": 11, ""10000"": 14, ""00010"": 22, ""00000"": 434, ""11000"": 1}","{""01110"": 1, ""11001"": 2, ""01101"": 2, ""11111"": 388, ""11011"": 20, ""11101"": 18, ""01011"": 2, ""00111"": 1, ""00011"": 1, ""01111"": 15, ""10110"": 2, ""10111"": 30, ""10101"": 2, ""11100"": 2, ""11110"": 24, ""01001"": 1, ""10011"": 1}",1.6112867902392511
5,9,74009,1,0.95703125,0.04296875,0.052734375,0.947265625,1.1064088482289895,512,2723065792,2672253614,"{""10001"": 1, ""00001"": 13, ""01000"": 16, ""00100"": 11, ""10000"": 14, ""00010"": 22, ""00000"": 434, ""11000"": 1}","{""01110"": 1, ""11001"": 2, ""01101"": 2, ""11111"": 388, ""11011"": 20, ""11101"": 18, ""01011"": 2, ""00111"": 1, ""00011"": 1, ""01111"": 15, ""10110"": 2, ""10111"": 30, ""10101"": 2, ""11100"": 2, ""11110"": 24, ""01001"": 1, ""10011"": 1}",1.6112867902392511
5,9,74009,2,0.978515625,0.021484375,0.052734375,0.947265625,1.087270844925634,512,2723065792,2672253614,"{""10001"": 1, ""00001"": 13, ""01000"": 16, ""00100"": 11, ""10000"": 14, ""00010"": 22, ""00000"": 434, ""11000"": 1}","{""01110"": 1, ""11001"": 2, ""01101"": 2, ""11111"": 388, ""11011"": 20, ""11101"": 18, ""01011"": 2, ""00111"": 1, ""00011"": 1, ""01111"": 15, ""10110"": 2, ""10111"": 30, ""10101"": 2, ""11100"": 2, ""11110"": 24, ""01001"": 1, ""10011"": 1}",1.6112867902392511
5,9,74009,3,0.966796875,0.033203125,0.072265625,0.927734375,1.126196290056646,512,2723065792,2672253614,"{""10001"": 1, ""00001"": 13, ""01000"": 16, ""00100"": 11, ""10000"": 14, ""00010"": 22, ""00000"": 434, ""11000"": 1}","{""01110"": 1, ""11001"": 2, ""01101"": 2, ""11111"": 388, ""11011"": 20, ""11101"": 18, ""01011"": 2, ""00111"": 1, ""00011"": 1, ""01111"": 15, ""10110"": 2, ""10111"": 30, ""10101"": 2, ""11100"": 2, ""11110"": 24, ""01001"": 1, ""10011"": 1}",1.6112867902392511
5,9,74009,4,0.96875,0.03125,0.044921875,0.955078125,1.0838230515606408,512,2723065792,2672253614,"{""10001"": 1, ""00001"": 13, ""01000"": 16, ""00100"": 11, ""10000"": 14, ""00010"": 22, ""00000"": 434, ""11000"": 1}","{""01110"": 1, ""11001"": 2, ""01101"": 2, ""11111"": 388, ""11011"": 20, ""11101"": 18, ""01011"": 2, ""00111"": 1, ""00011"": 1, ""01111"": 15, ""10110"": 2, ""10111"": 30, ""10101"": 2, ""11100"": 2, ""11110"": 24, ""01001"": 1, ""10011"": 1}",1.6112867902392511
5,10,74010,0,0.978515625,0.021484375,0.076171875,0.923828125,1.1249731402518488,512,2536880754,2656317,"{""00011"": 1, ""10010"": 1, ""00101"": 1, ""01010"": 1, ""10000"": 10, ""00100"": 13, ""01100"": 1, ""01000"": 16, ""00001"": 9, ""00010"": 19, ""00000"": 440}","{""10100"": 1, ""00111"": 2, ""01110"": 2, ""11111"": 385, ""11110"": 32, ""01111"": 23, ""10110"": 1, ""11101"": 20, ""01011"": 1, ""01101"": 2, ""00110"": 1, ""11011"": 21, ""11100"": 1, ""10101"": 1, ""10111"": 15, ""10011"": 2, ""10001"": 1, ""11010"": 1}",1.6228946062865113
5,10,74010,1,0.95703125,0.04296875,0.05078125,0.94921875,1.1038245471619217,512,2536880754,2656317,"{""00011"": 1, ""10010"": 1, ""00101"": 1, ""01010"": 1, ""10000"": 10, ""00100"": 13, ""01100"": 1, ""01000"": 16, ""00001"": 9, ""00010"": 19, ""00000"": 440}","{""10100"": 1, ""00111"": 2, ""01110"": 2, ""11111"": 385, ""11110"": 32, ""01111"": 23, ""10110"": 1, ""11101"": 20, ""01011"": 1, ""01101"": 2, ""00110"": 1, ""11011"": 21, ""11100"": 1, ""10101"": 1, ""10111"": 15, ""10011"": 2, ""10001"": 1, ""11010"": 1}",1.6228946062865113
5,10,74010,2,0.970703125,0.029296875,0.05078125,0.94921875,1.0902603619510776,512,2536880754,2656317,"{""00011"": 1, ""10010"": 1, ""00101"": 1, ""01010"": 1, ""10000"": 10, ""00100"": 13, ""01100"": 1, ""01000"": 16, ""00001"": 9, ""00010"": 19, ""00000"": 440}","{""10100"": 1, ""00111"": 2, ""01110"": 2, ""11111"": 385, ""11110"": 32, ""01111"": 23, ""10110"": 1, ""11101"": 20, ""01011"": 1, ""01101"": 2, ""00110"": 1, ""11011"": 21, ""11100"": 1, ""10101"": 1, ""10111"": 15, ""10011"": 2, ""10001"": 1, ""11010"": 1}",1.6228946062865113
5,10,74010,3,0.96484375,0.03515625,0.046875,0.953125,1.0903081557797938,512,2536880754,2656317,"{""00011"": 1, ""10010"": 1, ""00101"": 1, ""01010"": 1, ""10000"": 10, ""00100"": 13, ""01100"": 1, ""01000"": 16, ""00001"": 9, ""00010"": 19, ""00000"": 440}","{""10100"": 1, ""00111"": 2, ""01110"": 2, ""11111"": 385, ""11110"": 32, ""01111"": 23, ""10110"": 1, ""11101"": 20, ""01011"": 1, ""01101"": 2, ""00110"": 1, ""11011"": 21, ""11100"": 1, ""10101"": 1, ""10111"": 15, ""10011"": 2, ""10001"": 1, ""11010"": 1}",1.6228946062865113
5,10,74010,4,0.978515625,0.021484375,0.060546875,0.939453125,1.0994326547437745,512,2536880754,2656317,"{""00011"": 1, ""10010"": 1, ""00101"": 1, ""01010"": 1, ""10000"": 10, ""00100"": 13, ""01100"": 1, ""01000"": 16, ""00001"": 9, ""00010"": 19, ""00000"": 440}","{""10100"": 1, ""00111"": 2, ""01110"": 2, ""11111"": 385, ""11110"": 32, ""01111"": 23, ""10110"": 1, ""11101"": 20, ""01011"": 1, ""01101"": 2, ""00110"": 1, ""11011"": 21, ""11100"": 1, ""10101"": 1, ""10111"": 15, ""10011"": 2, ""10001"": 1, ""11010"": 1}",1.6228946062865113
5,11,74011,0,0.974609375,0.025390625,0.05078125,0.94921875,1.0870988288410783,512,4129941395,1004263326,"{""10001"": 1, ""00100"": 10, ""10000"": 14, ""00001"": 10, ""01001"": 2, ""01000"": 7, ""00010"": 21, ""00000"": 447}","{""01101"": 1, ""11111"": 405, ""01111"": 19, ""10110"": 2, ""11110"": 21, ""11101"": 18, ""10111"": 18, ""10101"": 3, ""00111"": 2, ""01011"": 1, ""11010"": 2, ""11011"": 15, ""10011"": 4, ""01110"": 1}",1.504761236850763
5,11,74011,1,0.958984375,0.041015625,0.04296875,0.95703125,1.0917103114946527,512,4129941395,1004263326,"{""10001"": 1, ""00100"": 10, ""10000"": 14, ""00001"": 10, ""01001"": 2, ""01000"": 7, ""00010"": 21, ""00000"": 447}","{""01101"": 1, ""11111"": 405, ""01111"": 19, ""10110"": 2, ""11110"": 21, ""11101"": 18, ""10111"": 18, ""10101"": 3, ""00111"": 2, ""01011"": 1, ""11010"": 2, ""11011"": 15, ""10011"": 4, ""01110"": 1}",1.504761236850763
5,11,74011,2,0.98046875,0.01953125,0.04296875,0.95703125,1.0713563787595588,512,4129941395,1004263326,"{""10001"": 1, ""00100"": 10, ""10000"": 14, ""00001"": 10, ""01001"": 2, ""01000"": 7, ""00010"": 21, ""00000"": 447}","{""01101"": 1, ""11111"": 405, ""01111"": 19, ""10110"": 2, ""11110"": 21, ""11101"": 18, ""10111"": 18, ""10101"": 3, ""00111"": 2, ""01011"": 1, ""11010"": 2, ""11011"": 15, ""10011"": 4, ""01110"": 1}",1.504761236850763
5,11,74011,3,0.982421875,0.017578125,0.056640625,0.943359375,1.0910497120262457,512,4129941395,1004263326,"{""10001"": 1, ""00100"": 10, ""10000"": 14, ""00001"": 10, ""01001"": 2, ""01000"": 7, ""00010"": 21, ""00000"": 447}","{""01101"": 1, ""11111"": 405, ""01111"": 19, ""10110"": 2, ""11110"": 21, ""11101"": 18, ""10111"": 18, ""10101"": 3, ""00111"": 2, ""01011"": 1, ""11010"": 2, ""11011"": 15, ""10011"": 4, ""01110"": 1}",1.504761236850763
5,11,74011,4,0.970703125,0.029296875,0.046875,0.953125,1.0847075328950746,512,4129941395,1004263326,"{""10001"": 1, ""00100"": 10, ""10000"": 14, ""00001"": 10, ""01001"": 2, ""01000"": 7, ""00010"": 21, ""00000"": 447}","{""01101"": 1, ""11111"": 405, ""01111"": 19, ""10110"": 2, ""11110"": 21, ""11101"": 18, ""10111"": 18, ""10101"": 3, ""00111"": 2, ""01011"": 1, ""11010"": 2, ""11011"": 15, ""10011"": 4, ""01110"": 1}",1.504761236850763
5,12,74012,0,0.96484375,0.03515625,0.06640625,0.93359375,1.1185667489242876,512,52097491,2586538240,"{""10010"": 1, ""10001"": 1, ""00001"": 17, ""10000"": 16, ""00100"": 13, ""01000"": 13, ""00010"": 12, ""00000"": 439}","{""01110"": 1, ""10011"": 1, ""00111"": 1, ""01011"": 2, ""11101"": 20, ""11110"": 28, ""11011"": 24, ""10111"": 24, ""10110"": 2, ""01111"": 22, ""11100"": 3, ""11111"": 384}",1.5747515915587655
5,12,74012,1,0.974609375,0.025390625,0.044921875,0.955078125,1.078602237845903,512,52097491,2586538240,"{""10010"": 1, ""10001"": 1, ""00001"": 17, ""10000"": 16, ""00100"": 13, ""01000"": 13, ""00010"": 12, ""00000"": 439}","{""01110"": 1, ""10011"": 1, ""00111"": 1, ""01011"": 2, ""11101"": 20, ""11110"": 28, ""11011"": 24, ""10111"": 24, ""10110"": 2, ""01111"": 22, ""11100"": 3, ""11111"": 384}",1.5747515915587655
5,12,74012,2,0.974609375,0.025390625,0.052734375,0.947265625,1.0900038748856562,512,52097491,2586538240,"{""10010"": 1, ""10001"": 1, ""00001"": 17, ""10000"": 16, ""00100"": 13, ""01000"": 13, ""00010"": 12, ""00000"": 439}","{""01110"": 1, ""10011"": 1, ""00111"": 1, ""01011"": 2, ""11101"": 20, ""11110"": 28, ""11011"": 24, ""10111"": 24, ""10110"": 2, ""01111"": 22, ""11100"": 3, ""11111"": 384}",1.5747515915587655
5,12,74012,3,0.974609375,0.025390625,0.0546875,0.9453125,1.092942571768202,512,52097491,2586538240,"{""10010"": 1, ""10001"": 1, ""00001"": 17, ""10000"": 16, ""00100"": 13, ""01000"": 13, ""00010"": 12, ""00000"": 439}","{""01110"": 1, ""10011"": 1, ""00111"": 1, ""01011"": 2, ""11101"": 20, ""11110"": 28, ""11011"": 24, ""10111"": 24, ""10110"": 2, ""01111"": 22, ""11100"": 3, ""11111"": 384}",1.5747515915587655
5,12,74012,4,0.96484375,0.03515625,0.05078125,0.94921875,1.09562882408512,512,52097491,2586538240,"{""10010"": 1, ""10001"": 1, ""00001"": 17, ""10000"": 16, ""00100"": 13, ""01000"": 13, ""00010"": 12, ""00000"": 439}","{""01110"": 1, ""10011"": 1, ""00111"": 1, ""01011"": 2, ""11101"": 20, ""11110"": 28, ""11011"": 24, ""10111"": 24, ""10110"": 2, ""01111"": 22, ""11100"": 3, ""11111"": 384}",1.5747515915587655
5,13,74013,0,0.970703125,0.029296875,0.044921875,0.955078125,1.0819953485485012,512,3619286394,4229366134,"{""00011"": 1, ""01000"": 21, ""00001"": 14, ""00100"": 10, ""10000"": 14, ""00010"": 7, ""00000"": 445}","{""01101"": 1, ""11110"": 21, ""10110"": 2, ""01111"": 21, ""11011"": 26, ""10111"": 14, ""10101"": 2, ""00111"": 1, ""01011"": 3, ""11101"": 14, ""11111"": 407}",1.4718353463868987
5,13,74013,1,0.984375,0.015625,0.033203125,0.966796875,1.0546457244163592,512,3619286394,4229366134,"{""00011"": 1, ""01000"": 21, ""00001"": 14, ""00100"": 10, ""10000"": 14, ""00010"": 7, ""00000"": 445}","{""01101"": 1, ""11110"": 21, ""10110"": 2, ""01111"": 21, ""11011"": 26, ""10111"": 14, ""10101"": 2, ""00111"": 1, ""01011"": 3, ""11101"": 14, ""11111"": 407}",1.4718353463868987
5,13,74013,2,0.98046875,0.01953125,0.056640625,0.943359375,1.0921256493821716,512,3619286394,4229366134,"{""00011"": 1, ""01000"": 21, ""00001"": 14, ""00100"": 10, ""10000"": 14, ""00010"": 7, ""00000"": 445}","{""01101"": 1, ""11110"": 21, ""10110"": 2, ""01111"": 21, ""11011"": 26, ""10111"": 14, ""10101"": 2, ""00111"": 1, ""01011"": 3, ""11101"": 14, ""11111"": 407}",1.4718353463868987
5,13,74013,3,0.958984375,0.041015625,0.037109375,0.962890625,1.0848559377703533,512,3619286394,4229366134,"{""00011"": 1, ""01000"": 21, ""00001"": 14, ""00100"": 10, ""10000"": 14, ""00010"": 7, ""00000"": 445}","{""01101"": 1, ""11110"": 21, ""10110"": 2, ""01111"": 21, ""11011"": 26, ""10111"": 14, ""10101"": 2, ""00111"": 1, ""01011"": 3, ""11101"": 14, ""11111"": 407}",1.4718353463868987
5,13,74013,4,0.97265625,0.02734375,0.05078125,0.94921875,1.088635671852106,512,3619286394,4229366134,"{""00011"": 1, ""01000"": 21, ""00001"": 14, ""00100"": 10, ""10000"": 14, ""00010"": 7, ""00000"": 445}","{""01101"": 1, ""11110"": 21, ""10110"": 2, ""01111"": 21, ""11011"": 26, ""10111"": 14, ""10101"": 2, ""00111"": 1, ""01011"": 3, ""11101"": 14, ""11111"": 407}",1.4718353463868987
5,14,74014,0,0.970703125,0.029296875,0.052734375,0.947265625,1.0930967628061743,512,2932443495,1777679453,"{""10100"": 2, ""00110"": 3, ""00001"": 13, ""10001"": 1, ""10000"": 20, ""00100"": 17, ""00010"": 10, ""00000"": 427, ""01001"": 1, ""01000"": 18}","{""10110"": 1, ""11010"": 1, ""01011"": 2, ""11111"": 395, ""01110"": 2, ""10011"": 2, ""11011"": 16, ""11001"": 1, ""11110"": 20, ""01111"": 21, ""11101"": 21, ""00111"": 2, ""11100"": 3, ""10101"": 2, ""10111"": 20, ""01101"": 3}",1.6144079585895794
5,14,74014,1,0.974609375,0.025390625,0.05859375,0.94140625,1.0989155590298507,512,2932443495,1777679453,"{""10100"": 2, ""00110"": 3, ""00001"": 13, ""10001"": 1, ""10000"": 20, ""00100"": 17, ""00010"": 10, ""00000"": 427, ""01001"": 1, ""01000"": 18}","{""10110"": 1, ""11010"": 1, ""01011"": 2, ""11111"": 395, ""01110"": 2, ""10011"": 2, ""11011"": 16, ""11001"": 1, ""11110"": 20, ""01111"": 21, ""11101"": 21, ""00111"": 2, ""11100"": 3, ""10101"": 2, ""10111"": 20, ""01101"": 3}",1.6144079585895794
5,14,74014,2,0.95703125,0.04296875,0.04296875,0.95703125,1.0940170940170943,512,2932443495,1777679453,"{""10100"": 2, ""00110"": 3, ""00001"": 13, ""10001"": 1, ""10000"": 20, ""00100"": 17, ""00010"": 10, ""00000"": 427, ""01001"": 1, ""01000"": 18}","{""10110"": 1, ""11010"": 1, ""01011"": 2, ""11111"": 395, ""01110"": 2, ""10011"": 2, ""11011"": 16, ""11001"": 1, ""11110"": 20, ""01111"": 21, ""11101"": 21, ""00111"": 2, ""11100"": 3, ""10101"": 2, ""10111"": 20, ""01101"": 3}",1.6144079585895794
5,14,74014,3,0.962890625,0.037109375,0.052734375,0.947265625,1.100264902964204,512,2932443495,1777679453,"{""10100"": 2, ""00110"": 3, ""00001"": 13, ""10001"": 1, ""10000"": 20, ""00100"": 17, ""00010"": 10, ""00000"": 427, ""01001"": 1, ""01000"": 18}","{""10110"": 1, ""11010"": 1, ""01011"": 2, ""11111"": 395, ""01110"": 2, ""10011"": 2, ""11011"": 16, ""11001"": 1, ""11110"": 20, ""01111"": 21, ""11101"": 21, ""00111"": 2, ""11100"": 3, ""10101"": 2, ""10111"": 20, ""01101"": 3}",1.6144079585895794
5,14,74014,4,0.955078125,0.044921875,0.05859375,0.94140625,1.1165263880218537,512,2932443495,1777679453,"{""10100"": 2, ""00110"": 3, ""00001"": 13, ""10001"": 1, ""10000"": 20, ""00100"": 17, ""00010"": 10, ""00000"": 427, ""01001"": 1, ""01000"": 18}","{""10110"": 1, ""11010"": 1, ""01011"": 2, ""11111"": 395, ""01110"": 2, ""10011"": 2, ""11011"": 16, ""11001"": 1, ""11110"": 20, ""01111"": 21, ""11101"": 21, ""00111"": 2, ""11100"": 3, ""10101"": 2, ""10111"": 20, ""01101"": 3}",1.6144079585895794
5,15,74015,0,0.96875,0.03125,0.056640625,0.943359375,1.1004888107310442,512,2105980382,926112691,"{""01010"": 1, ""00110"": 1, ""00011"": 2, ""10100"": 1, ""00101"": 2, ""00001"": 12, ""01100"": 1, ""01000"": 12, ""00100"": 15, ""10000"": 18, ""00010"": 15, ""00000"": 432}","{""11010"": 2, ""11111"": 401, ""11011"": 18, ""11001"": 1, ""11110"": 24, ""11101"": 27, ""01011"": 2, ""10111"": 16, ""10101"": 1, ""11100"": 2, ""01111"": 14, ""10110"": 1, ""01101"": 1, ""10011"": 2}",1.5517578965848355
5,15,74015,1,0.962890625,0.037109375,0.0625,0.9375,1.114358071488352,512,2105980382,926112691,"{""01010"": 1, ""00110"": 1, ""00011"": 2, ""10100"": 1, ""00101"": 2, ""00001"": 12, ""01100"": 1, ""01000"": 12, ""00100"": 15, ""10000"": 18, ""00010"": 15, ""00000"": 432}","{""11010"": 2, ""11111"": 401, ""11011"": 18, ""11001"": 1, ""11110"": 24, ""11101"": 27, ""01011"": 2, ""10111"": 16, ""10101"": 1, ""11100"": 2, ""01111"": 14, ""10110"": 1, ""01101"": 1, ""10011"": 2}",1.5517578965848355
5,15,74015,2,0.9609375,0.0390625,0.048828125,0.951171875,1.096980159991301,512,2105980382,926112691,"{""01010"": 1, ""00110"": 1, ""00011"": 2, ""10100"": 1, ""00101"": 2, ""00001"": 12, ""01100"": 1, ""01000"": 12, ""00100"": 15, ""10000"": 18, ""00010"": 15, ""00000"": 432}","{""11010"": 2, ""11111"": 401, ""11011"": 18, ""11001"": 1, ""11110"": 24, ""11101"": 27, ""01011"": 2, ""10111"": 16, ""10101"": 1, ""11100"": 2, ""01111"": 14, ""10110"": 1, ""01101"": 1, ""10011"": 2}",1.5517578965848355
5,15,74015,3,0.97265625,0.02734375,0.0390625,0.9609375,1.072267110684898,512,2105980382,926112691,"{""01010"": 1, ""00110"": 1, ""00011"": 2, ""10100"": 1, ""00101"": 2, ""00001"": 12, ""01100"": 1, ""01000"": 12, ""00100"": 15, ""10000"": 18, ""00010"": 15, ""00000"": 432}","{""11010"": 2, ""11111"": 401, ""11011"": 18, ""11001"": 1, ""11110"": 24, ""11101"": 27, ""01011"": 2, ""10111"": 16, ""10101"": 1, ""11100"": 2, ""01111"": 14, ""10110"": 1, ""01101"": 1, ""10011"": 2}",1.5517578965848355
5,15,74015,4,0.962890625,0.037109375,0.033203125,0.966796875,1.075751131639758,512,2105980382,926112691,"{""01010"": 1, ""00110"": 1, ""00011"": 2, ""10100"": 1, ""00101"": 2, ""00001"": 12, ""01100"": 1, ""01000"": 12, ""00100"": 15, ""10000"": 18, ""00010"": 15, ""00000"": 432}","{""11010"": 2, ""11111"": 401, ""11011"": 18, ""11001"": 1, ""11110"": 24, ""11101"": 27, ""01011"": 2, ""10111"": 16, ""10101"": 1, ""11100"": 2, ""01111"": 14, ""10110"": 1, ""01101"": 1, ""10011"": 2}",1.5517578965848355
5,16,74016,0,0.966796875,0.033203125,0.052734375,0.947265625,1.096525101918748,512,3617654940,2579555480,"{""10001"": 1, ""10100"": 1, ""10010"": 1, ""00001"": 14, ""01001"": 2, ""01000"": 14, ""00100"": 21, ""10000"": 19, ""00010"": 6, ""00000"": 433}","{""10110"": 2, ""11101"": 12, ""00111"": 2, ""11111"": 396, ""11011"": 23, ""11001"": 2, ""11110"": 22, ""11010"": 2, ""01111"": 23, ""10101"": 1, ""10111"": 24, ""11100"": 1, ""01101"": 1, ""10011"": 1}",1.5602274921576533
5,16,74016,1,0.986328125,0.013671875,0.033203125,0.966796875,1.053385349896544,512,3617654940,2579555480,"{""10001"": 1, ""10100"": 1, ""10010"": 1, ""00001"": 14, ""01001"": 2, ""01000"": 14, ""00100"": 21, ""10000"": 19, ""00010"": 6, ""00000"": 433}","{""10110"": 2, ""11101"": 12, ""00111"": 2, ""11111"": 396, ""11011"": 23, ""11001"": 2, ""11110"": 22, ""11010"": 2, ""01111"": 23, ""10101"": 1, ""10111"": 24, ""11100"": 1, ""01101"": 1, ""10011"": 1}",1.5602274921576533
5,16,74016,2,0.95703125,0.04296875,0.0546875,0.9453125,1.1090416948825939,512,3617654940,2579555480,"{""10001"": 1, ""10100"": 1, ""10010"": 1, ""00001"": 14, ""01001"": 2, ""01000"": 14, ""00100"": 21, ""10000"": 19, ""00010"": 6, ""00000"": 433}","{""10110"": 2, ""11101"": 12, ""00111"": 2, ""11111"": 396, ""11011"": 23, ""11001"": 2, ""11110"": 22, ""11010"": 2, ""01111"": 23, ""10101"": 1, ""10111"": 24, ""11100"": 1, ""01101"": 1, ""10011"": 1}",1.5602274921576533
5,16,74016,3,0.96875,0.03125,0.05859375,0.94140625,1.1034029793293874,512,3617654940,2579555480,"{""10001"": 1, ""10100"": 1, ""10010"": 1, ""00001"": 14, ""01001"": 2, ""01000"": 14, ""00100"": 21, ""10000"": 19, ""00010"": 6, ""00000"": 433}","{""10110"": 2, ""11101"": 12, ""00111"": 2, ""11111"": 396, ""11011"": 23, ""11001"": 2, ""11110"": 22, ""11010"": 2, ""01111"": 23, ""10101"": 1, ""10111"": 24, ""11100"": 1, ""01101"": 1, ""10011"": 1}",1.5602274921576533
5,16,74016,4,0.95703125,0.04296875,0.05078125,0.94921875,1.1038245471619217,512,3617654940,2579555480,"{""10001"": 1, ""10100"": 1, ""10010"": 1, ""00001"": 14, ""01001"": 2, ""01000"": 14, ""00100"": 21, ""10000"": 19, ""00010"": 6, ""00000"": 433}","{""10110"": 2, ""11101"": 12, ""00111"": 2, ""11111"": 396, ""11011"": 23, ""11001"": 2, ""11110"": 22, ""11010"": 2, ""01111"": 23, ""10101"": 1, ""10111"": 24, ""11100"": 1, ""01101"": 1, ""10011"": 1}",1.5602274921576533
5,17,74017,0,0.9765625,0.0234375,0.03515625,0.96484375,1.0635112211331323,512,2468243525,4068550981,"{""00110"": 2, ""01010"": 1, ""00011"": 1, ""00001"": 11, ""01000"": 14, ""10000"": 11, ""00100"": 10, ""00010"": 19, ""00000"": 443}","{""10011"": 1, ""11010"": 1, ""11110"": 17, ""11001"": 1, ""11011"": 21, ""01111"": 15, ""01101"": 2, ""10111"": 25, ""11111"": 395, ""10101"": 2, ""11101"": 32}",1.5152297365397764
5,17,74017,1,0.955078125,0.044921875,0.072265625,0.927734375,1.1365371127502932,512,2468243525,4068550981,"{""00110"": 2, ""01010"": 1, ""00011"": 1, ""00001"": 11, ""01000"": 14, ""10000"": 11, ""00100"": 10, ""00010"": 19, ""00000"": 443}","{""10011"": 1, ""11010"": 1, ""11110"": 17, ""11001"": 1, ""11011"": 21, ""01111"": 15, ""01101"": 2, ""10111"": 25, ""11111"": 395, ""10101"": 2, ""11101"": 32}",1.5152297365397764
5,17,74017,2,0.9765625,0.0234375,0.046875,0.953125,1.0798785641035038,512,2468243525,4068550981,"{""00110"": 2, ""01010"": 1, ""00011"": 1, ""00001"": 11, ""01000"": 14, ""10000"": 11, ""00100"": 10, ""00010"": 19, ""00000"": 443}","{""10011"": 1, ""11010"": 1, ""11110"": 17, ""11001"": 1, ""11011"": 21, ""01111"": 15, ""01101"": 2, ""10111"": 25, ""11111"": 395, ""10101"": 2, ""11101"": 32}",1.5152297365397764
5,17,74017,3,0.970703125,0.029296875,0.0546875,0.9453125,1.0959706973346035,512,2468243525,4068550981,"{""00110"": 2, ""01010"": 1, ""00011"": 1, ""00001"": 11, ""01000"": 14, ""10000"": 11, ""00100"": 10, ""00010"": 19, ""00000"": 443}","{""10011"": 1, ""11010"": 1, ""11110"": 17, ""11001"": 1, ""11011"": 21, ""01111"": 15, ""01101"": 2, ""10111"": 25, ""11111"": 395, ""10101"": 2, ""11101"": 32}",1.5152297365397764
5,17,74017,4,0.978515625,0.021484375,0.033203125,0.966796875,1.0592023200723064,512,2468243525,4068550981,"{""00110"": 2, ""01010"": 1, ""00011"": 1, ""00001"": 11, ""01000"": 14, ""10000"": 11, ""00100"": 10, ""00010"": 19, ""00000"": 443}","{""10011"": 1, ""11010"": 1, ""11110"": 17, ""11001"": 1, ""11011"": 21, ""01111"": 15, ""01101"": 2, ""10111"": 25, ""11111"": 395, ""10101"": 2, ""11101"": 32}",1.5152297365397764
5,18,74018,0,0.974609375,0.025390625,0.056640625,0.943359375,1.0959135402931723,512,1473519037,399492535,"{""10100"": 1, ""00011"": 1, ""00001"": 12, ""10000"": 6, ""00100"": 20, ""01000"": 14, ""10010"": 2, ""00010"": 12, ""00000"": 444}","{""00111"": 1, ""01101"": 1, ""11110"": 20, ""11111"": 382, ""11011"": 25, ""11001"": 1, ""01111"": 27, ""10110"": 1, ""10010"": 1, ""10101"": 2, ""11100"": 2, ""10111"": 22, ""01110"": 2, ""10011"": 1, ""11101"": 19, ""01011"": 2, ""11010"": 3}",1.6134857739733128
5,18,74018,1,0.970703125,0.029296875,0.048828125,0.951171875,1.0874632845106909,512,1473519037,399492535,"{""10100"": 1, ""00011"": 1, ""00001"": 12, ""10000"": 6, ""00100"": 20, ""01000"": 14, ""10010"": 2, ""00010"": 12, ""00000"": 444}","{""00111"": 1, ""01101"": 1, ""11110"": 20, ""11111"": 382, ""11011"": 25, ""11001"": 1, ""01111"": 27, ""10110"": 1, ""10010"": 1, ""10101"": 2, ""11100"": 2, ""10111"": 22, ""01110"": 2, ""10011"": 1, ""11101"": 19, ""01011"": 2, ""11010"": 3}",1.6134857739733128
5,18,74018,2,0.958984375,0.041015625,0.064453125,0.935546875,1.1209441837137488,512,1473519037,399492535,"{""10100"": 1, ""00011"": 1, ""00001"": 12, ""10000"": 6, ""00100"": 20, ""01000"": 14, ""10010"": 2, ""00010"": 12, ""00000"": 444}","{""00111"": 1, ""01101"": 1, ""11110"": 20, ""11111"": 382, ""11011"": 25, ""11001"": 1, ""01111"": 27, ""10110"": 1, ""10010"": 1, ""10101"": 2, ""11100"": 2, ""10111"": 22, ""01110"": 2, ""10011"": 1, ""11101"": 19, ""01011"": 2, ""11010"": 3}",1.6134857739733128
5,18,74018,3,0.97265625,0.02734375,0.0546875,0.9453125,1.0944136702534173,512,1473519037,399492535,"{""10100"": 1, ""00011"": 1, ""00001"": 12, ""10000"": 6, ""00100"": 20, ""01000"": 14, ""10010"": 2, ""00010"": 12, ""00000"": 444}","{""00111"": 1, ""01101"": 1, ""11110"": 20, ""11111"": 382, ""11011"": 25, ""11001"": 1, ""01111"": 27, ""10110"": 1, ""10010"": 1, ""10101"": 2, ""11100"": 2, ""10111"": 22, ""01110"": 2, ""10011"": 1, ""11101"": 19, ""01011"": 2, ""11010"": 3}",1.6134857739733128
5,18,74018,4,0.982421875,0.017578125,0.064453125,0.935546875,1.1035925188695401,512,1473519037,399492535,"{""10100"": 1, ""00011"": 1, ""00001"": 12, ""10000"": 6, ""00100"": 20, ""01000"": 14, ""10010"": 2, ""00010"": 12, ""00000"": 444}","{""00111"": 1, ""01101"": 1, ""11110"": 20, ""11111"": 382, ""11011"": 25, ""11001"": 1, ""01111"": 27, ""10110"": 1, ""10010"": 1, ""10101"": 2, ""11100"": 2, ""10111"": 22, ""01110"": 2, ""10011"": 1, ""11101"": 19, ""01011"": 2, ""11010"": 3}",1.6134857739733128
5,19,74019,0,0.96484375,0.03515625,0.052734375,0.947265625,1.098357533446608,512,4714817,2123052471,"{""10010"": 2, ""01010"": 1, ""00101"": 2, ""10100"": 1, ""00011"": 1, ""00100"": 5, ""10000"": 14, ""00001"": 14, ""01001"": 1, ""01000"": 9, ""00010"": 19, ""00000"": 443}","{""11110"": 20, ""11011"": 27, ""11001"": 1, ""11101"": 23, ""00111"": 1, ""11111"": 389, ""11000"": 1, ""01111"": 23, ""10110"": 3, ""10101"": 1, ""10111"": 18, ""10011"": 2, ""01110"": 1, ""11010"": 2}",1.5804402153740698
5,19,74019,1,0.955078125,0.044921875,0.05078125,0.94921875,1.106039677629856,512,4714817,2123052471,"{""10010"": 2, ""01010"": 1, ""00101"": 2, ""10100"": 1, ""00011"": 1, ""00100"": 5, ""10000"": 14, ""00001"": 14, ""01001"": 1, ""01000"": 9, ""00010"": 19, ""00000"": 443}","{""11110"": 20, ""11011"": 27, ""11001"": 1, ""11101"": 23, ""00111"": 1, ""11111"": 389, ""11000"": 1, ""01111"": 23, ""10110"": 3, ""10101"": 1, ""10111"": 18, ""10011"": 2, ""01110"": 1, ""11010"": 2}",1.5804402153740698
5,19,74019,2,0.984375,0.015625,0.064453125,0.935546875,1.102685729929952,512,4714817,2123052471,"{""10010"": 2, ""01010"": 1, ""00101"": 2, ""10100"": 1, ""00011"": 1, ""00100"": 5, ""10000"": 14, ""00001"": 14, ""01001"": 1, ""01000"": 9, ""00010"": 19, ""00000"": 443}","{""11110"": 20, ""11011"": 27, ""11001"": 1, ""11101"": 23, ""00111"": 1, ""11111"": 389, ""11000"": 1, ""01111"": 23, ""10110"": 3, ""10101"": 1, ""10111"": 18, ""10011"": 2, ""01110"": 1, ""11010"": 2}",1.5804402153740698
5,19,74019,3,0.978515625,0.021484375,0.048828125,0.951171875,1.0813639254827492,512,4714817,2123052471,"{""10010"": 2, ""01010"": 1, ""00101"": 2, ""10100"": 1, ""00011"": 1, ""00100"": 5, ""10000"": 14, ""00001"": 14, ""01001"": 1, ""01000"": 9, ""00010"": 19, ""00000"": 443}","{""11110"": 20, ""11011"": 27, ""11001"": 1, ""11101"": 23, ""00111"": 1, ""11111"": 389, ""11000"": 1, ""01111"": 23, ""10110"": 3, ""10101"": 1, ""10111"": 18, ""10011"": 2, ""01110"": 1, ""11010"": 2}",1.5804402153740698
5,19,74019,4,0.966796875,0.033203125,0.048828125,0.951171875,1.0910383098655396,512,4714817,2123052471,"{""10010"": 2, ""01010"": 1, ""00101"": 2, ""10100"": 1, ""00011"": 1, ""00100"": 5, ""10000"": 14, ""00001"": 14, ""01001"": 1, ""01000"": 9, ""00010"": 19, ""00000"": 443}","{""11110"": 20, ""11011"": 27, ""11001"": 1, ""11101"": 23, ""00111"": 1, ""11111"": 389, ""11000"": 1, ""01111"": 23, ""10110"": 3, ""10101"": 1, ""10111"": 18, ""10011"": 2, ""01110"": 1, ""11010"": 2}",1.5804402153740698
